album,artists,available_markets,disc_number,duration_ms,explicit,external_ids,external_urls,href,id,is_playable,linked_from,restrictions,name,popularity,preview_url,track_number,type,uri,is_local
"{'album_group': 'single', 'album_type': 'single', 'artists': [{'external_urls': {'spotify': 'https://open.spotify.com/artist/0LOK81e9H5lr61HlGGHqwA'}, 'href': 'https://api.spotify.com/v1/artists/0LOK81e9H5lr61HlGGHqwA', 'id': '0LOK81e9H5lr61HlGGHqwA', 'name': 'XG', 'type': 'artist', 'uri': 'spotify:artist:0LOK81e9H5lr61HlGGHqwA'}], 'available_markets': ['AD', 'AE', 'AG', 'AL', 'AM', 'AO', 'AR', 'AT', 'AU', 'AZ', 'BA', 'BB', 'BD', 'BE', 'BF', 'BG', 'BH', 'BI', 'BJ', 'BN', 'BO', 'BR', 'BS', 'BT', 'BW', 'BY', 'BZ', 'CA', 'CD', 'CG', 'CH', 'CI', 'CL', 'CM', 'CO', 'CR', 'CV', 'CW', 'CY', 'CZ', 'DE', 'DJ', 'DK', 'DM', 'DO', 'DZ', 'EC', 'EE', 'EG', 'ES', 'FI', 'FJ', 'FM', 'FR', 'GA', 'GB', 'GD', 'GE', 'GH', 'GM', 'GN', 'GQ', 'GR', 'GT', 'GW', 'GY', 'HK', 'HN', 'HR', 'HT', 'HU', 'ID', 'IE', 'IL', 'IN', 'IQ', 'IS', 'IT', 'JM', 'JO', 'JP', 'KE', 'KG', 'KH', 'KI', 'KM', 'KN', 'KR', 'KW', 'KZ', 'LA', 'LB', 'LC', 'LI', 'LK', 'LR', 'LS', 'LT', 'LU', 'LV', 'LY', 'MA', 'MC', 'MD', 'ME', 'MG', 'MH', 'MK', 'ML', 'MN', 'MO', 'MR', 'MT', 'MU', 'MV', 'MW', 'MX', 'MY', 'MZ', 'NA', 'NE', 'NG', 'NI', 'NL', 'NO', 'NP', 'NR', 'NZ', 'OM', 'PA', 'PE', 'PG', 'PH', 'PK', 'PL', 'PS', 'PT', 'PW', 'PY', 'QA', 'RO', 'RS', 'RW', 'SA', 'SB', 'SC', 'SE', 'SG', 'SI', 'SK', 'SL', 'SM', 'SN', 'SR', 'ST', 'SV', 'SZ', 'TD', 'TG', 'TH', 'TJ', 'TL', 'TN', 'TO', 'TR', 'TT', 'TV', 'TW', 'TZ', 'UA', 'UG', 'US', 'UY', 'UZ', 'VC', 'VE', 'VN', 'VU', 'WS', 'XK', 'ZA', 'ZM', 'ZW'], 'external_urls': {'spotify': 'https://open.spotify.com/album/1Gi6ij4Jxc4qE35i3I0gqS'}, 'href': 'https://api.spotify.com/v1/albums/1Gi6ij4Jxc4qE35i3I0gqS', 'id': '1Gi6ij4Jxc4qE35i3I0gqS', 'images': [{'height': 640, 'url': 'https://i.scdn.co/image/ab67616d0000b27353f126eb16bb3ab5720b0ba7', 'width': 640}, {'height': 300, 'url': 'https://i.scdn.co/image/ab67616d00001e0253f126eb16bb3ab5720b0ba7', 'width': 300}, {'height': 64, 'url': 'https://i.scdn.co/image/ab67616d0000485153f126eb16bb3ab5720b0ba7', 'width': 64}], 'name': 'SHOOTING STAR', 'release_date': '2023-01-25', 'release_date_precision': 'day', 'total_tracks': 2, 'type': 'album', 'uri': 'spotify:album:1Gi6ij4Jxc4qE35i3I0gqS'}","[{'external_urls': {'spotify': 'https://open.spotify.com/artist/0LOK81e9H5lr61HlGGHqwA'}, 'href': 'https://api.spotify.com/v1/artists/0LOK81e9H5lr61HlGGHqwA', 'id': '0LOK81e9H5lr61HlGGHqwA', 'name': 'XG', 'type': 'artist', 'uri': 'spotify:artist:0LOK81e9H5lr61HlGGHqwA'}]","['AR', 'AU', 'AT', 'BE', 'BO', 'BR', 'BG', 'CA', 'CL', 'CO', 'CR', 'CY', 'CZ', 'DK', 'DO', 'DE', 'EC', 'EE', 'SV', 'FI', 'FR', 'GR', 'GT', 'HN', 'HK', 'HU', 'IS', 'IE', 'IT', 'LV', 'LT', 'LU', 'MY', 'MT', 'MX', 'NL', 'NZ', 'NI', 'NO', 'PA', 'PY', 'PE', 'PH', 'PL', 'PT', 'SG', 'SK', 'ES', 'SE', 'CH', 'TW', 'TR', 'UY', 'US', 'GB', 'AD', 'LI', 'MC', 'ID', 'JP', 'TH', 'VN', 'RO', 'IL', 'ZA', 'SA', 'AE', 'BH', 'QA', 'OM', 'KW', 'EG', 'MA', 'DZ', 'TN', 'LB', 'JO', 'PS', 'IN', 'BY', 'KZ', 'MD', 'UA', 'AL', 'BA', 'HR', 'ME', 'MK', 'RS', 'SI', 'KR', 'BD', 'PK', 'LK', 'GH', 'KE', 'NG', 'TZ', 'UG', 'AG', 'AM', 'BS', 'BB', 'BZ', 'BT', 'BW', 'BF', 'CV', 'CW', 'DM', 'FJ', 'GM', 'GE', 'GD', 'GW', 'GY', 'HT', 'JM', 'KI', 'LS', 'LR', 'MW', 'MV', 'ML', 'MH', 'FM', 'NA', 'NR', 'NE', 'PW', 'PG', 'WS', 'SM', 'ST', 'SN', 'SC', 'SL', 'SB', 'KN', 'LC', 'VC', 'SR', 'TL', 'TO', 'TT', 'TV', 'VU', 'AZ', 'BN', 'BI', 'KH', 'CM', 'TD', 'KM', 'GQ', 'SZ', 'GA', 'GN', 'KG', 'LA', 'MO', 'MR', 'MN', 'NP', 'RW', 'TG', 'UZ', 'ZW', 'BJ', 'MG', 'MU', 'MZ', 'AO', 'CI', 'DJ', 'ZM', 'CD', 'CG', 'IQ', 'LY', 'TJ', 'VE', 'ET', 'XK']",1,208065,False,{'isrc': 'JPB602300033'},{'spotify': 'https://open.spotify.com/track/3v5o91PrUtf0nmO6j8J7dZ'},https://api.spotify.com/v1/tracks/3v5o91PrUtf0nmO6j8J7dZ,3v5o91PrUtf0nmO6j8J7dZ,,,,LEFT RIGHT,83,https://p.scdn.co/mp3-preview/a821c8bbf4706683dd234bf9e3c394010bce5dcc?cid=9d3d158cd29f446b877597f60e60f981,2,track,spotify:track:3v5o91PrUtf0nmO6j8J7dZ,False
"{'album_group': 'single', 'album_type': 'single', 'artists': [{'external_urls': {'spotify': 'https://open.spotify.com/artist/0Adbm5kzcPUxFybf9fhjgG'}, 'href': 'https://api.spotify.com/v1/artists/0Adbm5kzcPUxFybf9fhjgG', 'id': '0Adbm5kzcPUxFybf9fhjgG', 'name': 'Coco & Breezy', 'type': 'artist', 'uri': 'spotify:artist:0Adbm5kzcPUxFybf9fhjgG'}, {'external_urls': {'spotify': 'https://open.spotify.com/artist/5d6YpWfrSRRZBTgfLt0xcz'}, 'href': 'https://api.spotify.com/v1/artists/5d6YpWfrSRRZBTgfLt0xcz', 'id': '5d6YpWfrSRRZBTgfLt0xcz', 'name': 'Tara Carosielli', 'type': 'artist', 'uri': 'spotify:artist:5d6YpWfrSRRZBTgfLt0xcz'}], 'available_markets': ['AD', 'AE', 'AG', 'AL', 'AM', 'AO', 'AR', 'AT', 'AU', 'AZ', 'BA', 'BB', 'BD', 'BE', 'BF', 'BG', 'BH', 'BI', 'BJ', 'BN', 'BO', 'BR', 'BS', 'BT', 'BW', 'BY', 'BZ', 'CA', 'CD', 'CG', 'CH', 'CI', 'CL', 'CM', 'CO', 'CR', 'CV', 'CW', 'CY', 'CZ', 'DE', 'DJ', 'DK', 'DM', 'DO', 'DZ', 'EC', 'EE', 'EG', 'ES', 'FI', 'FJ', 'FM', 'FR', 'GA', 'GB', 'GD', 'GE', 'GH', 'GM', 'GN', 'GQ', 'GR', 'GT', 'GW', 'GY', 'HK', 'HN', 'HR', 'HT', 'HU', 'ID', 'IE', 'IL', 'IN', 'IQ', 'IS', 'IT', 'JM', 'JO', 'JP', 'KE', 'KG', 'KH', 'KI', 'KM', 'KN', 'KR', 'KW', 'KZ', 'LA', 'LB', 'LC', 'LI', 'LK', 'LR', 'LS', 'LT', 'LU', 'LV', 'LY', 'MA', 'MC', 'MD', 'ME', 'MG', 'MH', 'MK', 'ML', 'MN', 'MO', 'MR', 'MT', 'MU', 'MV', 'MW', 'MX', 'MY', 'MZ', 'NA', 'NE', 'NG', 'NI', 'NL', 'NO', 'NP', 'NR', 'NZ', 'OM', 'PA', 'PE', 'PG', 'PH', 'PK', 'PL', 'PS', 'PT', 'PW', 'PY', 'QA', 'RO', 'RS', 'RW', 'SA', 'SB', 'SC', 'SE', 'SG', 'SI', 'SK', 'SL', 'SM', 'SN', 'SR', 'ST', 'SV', 'SZ', 'TD', 'TG', 'TH', 'TJ', 'TL', 'TN', 'TO', 'TR', 'TT', 'TV', 'TW', 'TZ', 'UA', 'UG', 'US', 'UY', 'UZ', 'VC', 'VE', 'VN', 'VU', 'WS', 'XK', 'ZA', 'ZM', 'ZW'], 'external_urls': {'spotify': 'https://open.spotify.com/album/0ivFb0VQTBvbDyfEDsoLCG'}, 'href': 'https://api.spotify.com/v1/albums/0ivFb0VQTBvbDyfEDsoLCG', 'id': '0ivFb0VQTBvbDyfEDsoLCG', 'images': [{'height': 640, 'url': 'https://i.scdn.co/image/ab67616d0000b273d2facc8fed4273915315f2fe', 'width': 640}, {'height': 300, 'url': 'https://i.scdn.co/image/ab67616d00001e02d2facc8fed4273915315f2fe', 'width': 300}, {'height': 64, 'url': 'https://i.scdn.co/image/ab67616d00004851d2facc8fed4273915315f2fe', 'width': 64}], 'name': 'Just Say', 'release_date': '2022-06-16', 'release_date_precision': 'day', 'total_tracks': 1, 'type': 'album', 'uri': 'spotify:album:0ivFb0VQTBvbDyfEDsoLCG'}","[{'external_urls': {'spotify': 'https://open.spotify.com/artist/0Adbm5kzcPUxFybf9fhjgG'}, 'href': 'https://api.spotify.com/v1/artists/0Adbm5kzcPUxFybf9fhjgG', 'id': '0Adbm5kzcPUxFybf9fhjgG', 'name': 'Coco & Breezy', 'type': 'artist', 'uri': 'spotify:artist:0Adbm5kzcPUxFybf9fhjgG'}, {'external_urls': {'spotify': 'https://open.spotify.com/artist/5d6YpWfrSRRZBTgfLt0xcz'}, 'href': 'https://api.spotify.com/v1/artists/5d6YpWfrSRRZBTgfLt0xcz', 'id': '5d6YpWfrSRRZBTgfLt0xcz', 'name': 'Tara Carosielli', 'type': 'artist', 'uri': 'spotify:artist:5d6YpWfrSRRZBTgfLt0xcz'}]","['AR', 'AU', 'AT', 'BE', 'BO', 'BR', 'BG', 'CA', 'CL', 'CO', 'CR', 'CY', 'CZ', 'DK', 'DO', 'DE', 'EC', 'EE', 'SV', 'FI', 'FR', 'GR', 'GT', 'HN', 'HK', 'HU', 'IS', 'IE', 'IT', 'LV', 'LT', 'LU', 'MY', 'MT', 'MX', 'NL', 'NZ', 'NI', 'NO', 'PA', 'PY', 'PE', 'PH', 'PL', 'PT', 'SG', 'SK', 'ES', 'SE', 'CH', 'TW', 'TR', 'UY', 'US', 'GB', 'AD', 'LI', 'MC', 'ID', 'JP', 'TH', 'VN', 'RO', 'IL', 'ZA', 'SA', 'AE', 'BH', 'QA', 'OM', 'KW', 'EG', 'MA', 'DZ', 'TN', 'LB', 'JO', 'PS', 'IN', 'BY', 'KZ', 'MD', 'UA', 'AL', 'BA', 'HR', 'ME', 'MK', 'RS', 'SI', 'KR', 'BD', 'PK', 'LK', 'GH', 'KE', 'NG', 'TZ', 'UG', 'AG', 'AM', 'BS', 'BB', 'BZ', 'BT', 'BW', 'BF', 'CV', 'CW', 'DM', 'FJ', 'GM', 'GE', 'GD', 'GW', 'GY', 'HT', 'JM', 'KI', 'LS', 'LR', 'MW', 'MV', 'ML', 'MH', 'FM', 'NA', 'NR', 'NE', 'PW', 'PG', 'WS', 'SM', 'ST', 'SN', 'SC', 'SL', 'SB', 'KN', 'LC', 'VC', 'SR', 'TL', 'TO', 'TT', 'TV', 'VU', 'AZ', 'BN', 'BI', 'KH', 'CM', 'TD', 'KM', 'GQ', 'SZ', 'GA', 'GN', 'KG', 'LA', 'MO', 'MR', 'MN', 'NP', 'RW', 'TG', 'UZ', 'ZW', 'BJ', 'MG', 'MU', 'MZ', 'AO', 'CI', 'DJ', 'ZM', 'CD', 'CG', 'IQ', 'LY', 'TJ', 'VE', 'ET', 'XK']",1,166000,False,{'isrc': 'USYBL2101338'},{'spotify': 'https://open.spotify.com/track/1dHiSGzb9WFtDKnBFJs4KO'},https://api.spotify.com/v1/tracks/1dHiSGzb9WFtDKnBFJs4KO,1dHiSGzb9WFtDKnBFJs4KO,,,,Just Say,65,https://p.scdn.co/mp3-preview/f672d7b46ea66a6a3180ee108b72ee971ffafdec?cid=9d3d158cd29f446b877597f60e60f981,1,track,spotify:track:1dHiSGzb9WFtDKnBFJs4KO,False
"{'album_group': 'album', 'album_type': 'album', 'artists': [{'external_urls': {'spotify': 'https://open.spotify.com/artist/6lyMYewq2SuTFIXgiv7OxH'}, 'href': 'https://api.spotify.com/v1/artists/6lyMYewq2SuTFIXgiv7OxH', 'id': '6lyMYewq2SuTFIXgiv7OxH', 'name': 'Inhaler', 'type': 'artist', 'uri': 'spotify:artist:6lyMYewq2SuTFIXgiv7OxH'}], 'available_markets': ['AD', 'AE', 'AG', 'AL', 'AM', 'AO', 'AR', 'AT', 'AU', 'AZ', 'BA', 'BB', 'BD', 'BE', 'BF', 'BG', 'BH', 'BI', 'BJ', 'BN', 'BO', 'BR', 'BS', 'BT', 'BW', 'BY', 'BZ', 'CA', 'CD', 'CG', 'CH', 'CI', 'CL', 'CM', 'CO', 'CR', 'CV', 'CW', 'CY', 'CZ', 'DE', 'DJ', 'DK', 'DM', 'DO', 'DZ', 'EC', 'EE', 'EG', 'ES', 'FI', 'FJ', 'FM', 'FR', 'GA', 'GB', 'GD', 'GE', 'GH', 'GM', 'GN', 'GQ', 'GR', 'GT', 'GW', 'GY', 'HK', 'HN', 'HR', 'HT', 'HU', 'ID', 'IE', 'IL', 'IN', 'IQ', 'IS', 'IT', 'JM', 'JO', 'JP', 'KE', 'KG', 'KH', 'KI', 'KM', 'KN', 'KR', 'KW', 'KZ', 'LA', 'LB', 'LC', 'LI', 'LK', 'LR', 'LS', 'LT', 'LU', 'LV', 'LY', 'MA', 'MC', 'MD', 'ME', 'MG', 'MH', 'MK', 'ML', 'MN', 'MO', 'MR', 'MT', 'MU', 'MV', 'MW', 'MX', 'MY', 'MZ', 'NA', 'NE', 'NG', 'NI', 'NL', 'NO', 'NP', 'NR', 'NZ', 'OM', 'PA', 'PE', 'PG', 'PH', 'PK', 'PL', 'PS', 'PT', 'PW', 'PY', 'QA', 'RO', 'RS', 'RW', 'SA', 'SB', 'SC', 'SE', 'SG', 'SI', 'SK', 'SL', 'SM', 'SN', 'SR', 'ST', 'SV', 'SZ', 'TD', 'TG', 'TH', 'TJ', 'TL', 'TN', 'TO', 'TR', 'TT', 'TV', 'TW', 'TZ', 'UA', 'UG', 'US', 'UY', 'UZ', 'VC', 'VE', 'VN', 'VU', 'WS', 'XK', 'ZA', 'ZM', 'ZW'], 'external_urls': {'spotify': 'https://open.spotify.com/album/54NhZZmsHYbKtTjarvGPwu'}, 'href': 'https://api.spotify.com/v1/albums/54NhZZmsHYbKtTjarvGPwu', 'id': '54NhZZmsHYbKtTjarvGPwu', 'images': [{'height': 640, 'url': 'https://i.scdn.co/image/ab67616d0000b27375ddb38ec65fcbef1b51038f', 'width': 640}, {'height': 300, 'url': 'https://i.scdn.co/image/ab67616d00001e0275ddb38ec65fcbef1b51038f', 'width': 300}, {'height': 64, 'url': 'https://i.scdn.co/image/ab67616d0000485175ddb38ec65fcbef1b51038f', 'width': 64}], 'name': ""It Won't Always Be Like This"", 'release_date': '2021-07-09', 'release_date_precision': 'day', 'total_tracks': 11, 'type': 'album', 'uri': 'spotify:album:54NhZZmsHYbKtTjarvGPwu'}","[{'external_urls': {'spotify': 'https://open.spotify.com/artist/6lyMYewq2SuTFIXgiv7OxH'}, 'href': 'https://api.spotify.com/v1/artists/6lyMYewq2SuTFIXgiv7OxH', 'id': '6lyMYewq2SuTFIXgiv7OxH', 'name': 'Inhaler', 'type': 'artist', 'uri': 'spotify:artist:6lyMYewq2SuTFIXgiv7OxH'}]","['AR', 'AU', 'AT', 'BE', 'BO', 'BR', 'BG', 'CA', 'CL', 'CO', 'CR', 'CY', 'CZ', 'DK', 'DO', 'DE', 'EC', 'EE', 'SV', 'FI', 'FR', 'GR', 'GT', 'HN', 'HK', 'HU', 'IS', 'IE', 'IT', 'LV', 'LT', 'LU', 'MY', 'MT', 'MX', 'NL', 'NZ', 'NI', 'NO', 'PA', 'PY', 'PE', 'PH', 'PL', 'PT', 'SG', 'SK', 'ES', 'SE', 'CH', 'TW', 'TR', 'UY', 'US', 'GB', 'AD', 'LI', 'MC', 'ID', 'JP', 'TH', 'VN', 'RO', 'IL', 'ZA', 'SA', 'AE', 'BH', 'QA', 'OM', 'KW', 'EG', 'MA', 'DZ', 'TN', 'LB', 'JO', 'PS', 'IN', 'BY', 'KZ', 'MD', 'UA', 'AL', 'BA', 'HR', 'ME', 'MK', 'RS', 'SI', 'KR', 'BD', 'PK', 'LK', 'GH', 'KE', 'NG', 'TZ', 'UG', 'AG', 'AM', 'BS', 'BB', 'BZ', 'BT', 'BW', 'BF', 'CV', 'CW', 'DM', 'FJ', 'GM', 'GE', 'GD', 'GW', 'GY', 'HT', 'JM', 'KI', 'LS', 'LR', 'MW', 'MV', 'ML', 'MH', 'FM', 'NA', 'NR', 'NE', 'PW', 'PG', 'WS', 'SM', 'ST', 'SN', 'SC', 'SL', 'SB', 'KN', 'LC', 'VC', 'SR', 'TL', 'TO', 'TT', 'TV', 'VU', 'AZ', 'BN', 'BI', 'KH', 'CM', 'TD', 'KM', 'GQ', 'SZ', 'GA', 'GN', 'KG', 'LA', 'MO', 'MR', 'MN', 'NP', 'RW', 'TG', 'UZ', 'ZW', 'BJ', 'MG', 'MU', 'MZ', 'AO', 'CI', 'DJ', 'ZM', 'CD', 'CG', 'IQ', 'LY', 'TJ', 'VE', 'ET', 'XK']",1,244906,False,{'isrc': 'GBUM72005774'},{'spotify': 'https://open.spotify.com/track/4wgnDiPIr6oXULBgQeszek'},https://api.spotify.com/v1/tracks/4wgnDiPIr6oXULBgQeszek,4wgnDiPIr6oXULBgQeszek,,,,It Won't Always Be Like This,48,,1,track,spotify:track:4wgnDiPIr6oXULBgQeszek,False
"{'album_group': 'single', 'album_type': 'single', 'artists': [{'external_urls': {'spotify': 'https://open.spotify.com/artist/2WmGGyAuy6VWEmTFnZCUii'}, 'href': 'https://api.spotify.com/v1/artists/2WmGGyAuy6VWEmTFnZCUii', 'id': '2WmGGyAuy6VWEmTFnZCUii', 'name': 'isid or', 'type': 'artist', 'uri': 'spotify:artist:2WmGGyAuy6VWEmTFnZCUii'}], 'available_markets': ['AD', 'AE', 'AG', 'AL', 'AM', 'AO', 'AR', 'AT', 'AU', 'AZ', 'BA', 'BB', 'BD', 'BE', 'BF', 'BG', 'BH', 'BI', 'BJ', 'BN', 'BO', 'BR', 'BS', 'BT', 'BW', 'BY', 'BZ', 'CA', 'CD', 'CG', 'CH', 'CI', 'CL', 'CM', 'CO', 'CR', 'CV', 'CW', 'CY', 'CZ', 'DE', 'DJ', 'DK', 'DM', 'DO', 'DZ', 'EC', 'EE', 'EG', 'ES', 'ET', 'FI', 'FJ', 'FM', 'FR', 'GA', 'GB', 'GD', 'GE', 'GH', 'GM', 'GN', 'GQ', 'GR', 'GT', 'GW', 'GY', 'HK', 'HN', 'HR', 'HT', 'HU', 'ID', 'IE', 'IL', 'IN', 'IQ', 'IS', 'IT', 'JM', 'JO', 'JP', 'KE', 'KG', 'KH', 'KI', 'KM', 'KN', 'KR', 'KW', 'KZ', 'LA', 'LB', 'LC', 'LI', 'LK', 'LR', 'LS', 'LT', 'LU', 'LV', 'LY', 'MA', 'MC', 'MD', 'ME', 'MG', 'MH', 'MK', 'ML', 'MN', 'MO', 'MR', 'MT', 'MU', 'MV', 'MW', 'MX', 'MY', 'MZ', 'NA', 'NE', 'NG', 'NI', 'NL', 'NO', 'NP', 'NR', 'NZ', 'OM', 'PA', 'PE', 'PG', 'PH', 'PK', 'PL', 'PS', 'PT', 'PW', 'PY', 'QA', 'RO', 'RS', 'RW', 'SA', 'SB', 'SC', 'SE', 'SG', 'SI', 'SK', 'SL', 'SM', 'SN', 'SR', 'ST', 'SV', 'SZ', 'TD', 'TG', 'TH', 'TJ', 'TL', 'TN', 'TO', 'TR', 'TT', 'TV', 'TW', 'TZ', 'UA', 'UG', 'US', 'UY', 'UZ', 'VC', 'VE', 'VN', 'VU', 'WS', 'XK', 'ZA', 'ZM', 'ZW'], 'external_urls': {'spotify': 'https://open.spotify.com/album/03jYVozynayr8AYzBmgORS'}, 'href': 'https://api.spotify.com/v1/albums/03jYVozynayr8AYzBmgORS', 'id': '03jYVozynayr8AYzBmgORS', 'images': [{'height': 640, 'url': 'https://i.scdn.co/image/ab67616d0000b273b925d75f2ee38a4c9a011dd9', 'width': 640}, {'height': 300, 'url': 'https://i.scdn.co/image/ab67616d00001e02b925d75f2ee38a4c9a011dd9', 'width': 300}, {'height': 64, 'url': 'https://i.scdn.co/image/ab67616d00004851b925d75f2ee38a4c9a011dd9', 'width': 64}], 'name': 'can i call?', 'release_date': '2022-11-09', 'release_date_precision': 'day', 'total_tracks': 1, 'type': 'album', 'uri': 'spotify:album:03jYVozynayr8AYzBmgORS'}","[{'external_urls': {'spotify': 'https://open.spotify.com/artist/2WmGGyAuy6VWEmTFnZCUii'}, 'href': 'https://api.spotify.com/v1/artists/2WmGGyAuy6VWEmTFnZCUii', 'id': '2WmGGyAuy6VWEmTFnZCUii', 'name': 'isid or', 'type': 'artist', 'uri': 'spotify:artist:2WmGGyAuy6VWEmTFnZCUii'}, {'external_urls': {'spotify': 'https://open.spotify.com/artist/4I4gomVBlgbh0bC0KBDZpQ'}, 'href': 'https://api.spotify.com/v1/artists/4I4gomVBlgbh0bC0KBDZpQ', 'id': '4I4gomVBlgbh0bC0KBDZpQ', 'name': '5hiro', 'type': 'artist', 'uri': 'spotify:artist:4I4gomVBlgbh0bC0KBDZpQ'}]","['AR', 'AU', 'AT', 'BE', 'BO', 'BR', 'BG', 'CA', 'CL', 'CO', 'CR', 'CY', 'CZ', 'DK', 'DO', 'DE', 'EC', 'EE', 'SV', 'FI', 'FR', 'GR', 'GT', 'HN', 'HK', 'HU', 'IS', 'IE', 'IT', 'LV', 'LT', 'LU', 'MY', 'MT', 'MX', 'NL', 'NZ', 'NI', 'NO', 'PA', 'PY', 'PE', 'PH', 'PL', 'PT', 'SG', 'SK', 'ES', 'SE', 'CH', 'TW', 'TR', 'UY', 'US', 'GB', 'AD', 'LI', 'MC', 'ID', 'JP', 'TH', 'VN', 'RO', 'IL', 'ZA', 'SA', 'AE', 'BH', 'QA', 'OM', 'KW', 'EG', 'MA', 'DZ', 'TN', 'LB', 'JO', 'PS', 'IN', 'BY', 'KZ', 'MD', 'UA', 'AL', 'BA', 'HR', 'ME', 'MK', 'RS', 'SI', 'KR', 'BD', 'PK', 'LK', 'GH', 'KE', 'NG', 'TZ', 'UG', 'AG', 'AM', 'BS', 'BB', 'BZ', 'BT', 'BW', 'BF', 'CV', 'CW', 'DM', 'FJ', 'GM', 'GE', 'GD', 'GW', 'GY', 'HT', 'JM', 'KI', 'LS', 'LR', 'MW', 'MV', 'ML', 'MH', 'FM', 'NA', 'NR', 'NE', 'PW', 'PG', 'WS', 'SM', 'ST', 'SN', 'SC', 'SL', 'SB', 'KN', 'LC', 'VC', 'SR', 'TL', 'TO', 'TT', 'TV', 'VU', 'AZ', 'BN', 'BI', 'KH', 'CM', 'TD', 'KM', 'GQ', 'SZ', 'GA', 'GN', 'KG', 'LA', 'MO', 'MR', 'MN', 'NP', 'RW', 'TG', 'UZ', 'ZW', 'BJ', 'MG', 'MU', 'MZ', 'AO', 'CI', 'DJ', 'ZM', 'CD', 'CG', 'IQ', 'LY', 'TJ', 'VE', 'ET', 'XK']",1,115716,False,{'isrc': 'QZTAW2241489'},{'spotify': 'https://open.spotify.com/track/1adFyxrkXY1VF4uBys3jtM'},https://api.spotify.com/v1/tracks/1adFyxrkXY1VF4uBys3jtM,1adFyxrkXY1VF4uBys3jtM,,,,can i call?,1,https://p.scdn.co/mp3-preview/5566a84c4cd11d2d553b21fde25e233514e9b407?cid=9d3d158cd29f446b877597f60e60f981,1,track,spotify:track:1adFyxrkXY1VF4uBys3jtM,False
"{'album_group': 'album', 'album_type': 'album', 'artists': [{'external_urls': {'spotify': 'https://open.spotify.com/artist/4dERHHnO2pWD3YT1Oyt0gE'}, 'href': 'https://api.spotify.com/v1/artists/4dERHHnO2pWD3YT1Oyt0gE', 'id': '4dERHHnO2pWD3YT1Oyt0gE', 'name': 'ALPHA', 'type': 'artist', 'uri': 'spotify:artist:4dERHHnO2pWD3YT1Oyt0gE'}], 'available_markets': ['AD', 'AE', 'AG', 'AL', 'AM', 'AO', 'AR', 'AT', 'AU', 'AZ', 'BA', 'BB', 'BD', 'BE', 'BF', 'BG', 'BH', 'BI', 'BJ', 'BN', 'BO', 'BR', 'BS', 'BT', 'BW', 'BY', 'BZ', 'CA', 'CD', 'CG', 'CH', 'CI', 'CL', 'CM', 'CO', 'CR', 'CV', 'CW', 'CY', 'CZ', 'DE', 'DJ', 'DK', 'DM', 'DO', 'DZ', 'EC', 'EE', 'EG', 'ES', 'ET', 'FI', 'FJ', 'FM', 'FR', 'GA', 'GB', 'GD', 'GE', 'GH', 'GM', 'GN', 'GQ', 'GR', 'GT', 'GW', 'GY', 'HK', 'HN', 'HR', 'HT', 'HU', 'ID', 'IE', 'IL', 'IN', 'IQ', 'IS', 'IT', 'JM', 'JO', 'JP', 'KE', 'KG', 'KH', 'KI', 'KM', 'KN', 'KR', 'KW', 'KZ', 'LA', 'LB', 'LC', 'LI', 'LK', 'LR', 'LS', 'LT', 'LU', 'LV', 'LY', 'MA', 'MC', 'MD', 'ME', 'MG', 'MH', 'MK', 'ML', 'MN', 'MO', 'MR', 'MT', 'MU', 'MV', 'MW', 'MX', 'MY', 'MZ', 'NA', 'NE', 'NG', 'NI', 'NL', 'NO', 'NP', 'NR', 'NZ', 'OM', 'PA', 'PE', 'PG', 'PH', 'PK', 'PL', 'PS', 'PT', 'PW', 'PY', 'QA', 'RO', 'RS', 'RW', 'SA', 'SB', 'SC', 'SE', 'SG', 'SI', 'SK', 'SL', 'SM', 'SN', 'SR', 'ST', 'SV', 'SZ', 'TD', 'TG', 'TH', 'TJ', 'TL', 'TN', 'TO', 'TR', 'TT', 'TV', 'TW', 'TZ', 'UA', 'UG', 'US', 'UY', 'UZ', 'VC', 'VE', 'VN', 'VU', 'WS', 'XK', 'ZA', 'ZM', 'ZW'], 'external_urls': {'spotify': 'https://open.spotify.com/album/5YTytczeOAEB6GKZTl2JCo'}, 'href': 'https://api.spotify.com/v1/albums/5YTytczeOAEB6GKZTl2JCo', 'id': '5YTytczeOAEB6GKZTl2JCo', 'images': [{'height': 640, 'url': 'https://i.scdn.co/image/ab67616d0000b273ed283687edfb542f8437c99f', 'width': 640}, {'height': 300, 'url': 'https://i.scdn.co/image/ab67616d00001e02ed283687edfb542f8437c99f', 'width': 300}, {'height': 64, 'url': 'https://i.scdn.co/image/ab67616d00004851ed283687edfb542f8437c99f', 'width': 64}], 'name': '-18', 'release_date': '2022-04-06', 'release_date_precision': 'day', 'total_tracks': 8, 'type': 'album', 'uri': 'spotify:album:5YTytczeOAEB6GKZTl2JCo'}","[{'external_urls': {'spotify': 'https://open.spotify.com/artist/4dERHHnO2pWD3YT1Oyt0gE'}, 'href': 'https://api.spotify.com/v1/artists/4dERHHnO2pWD3YT1Oyt0gE', 'id': '4dERHHnO2pWD3YT1Oyt0gE', 'name': 'ALPHA', 'type': 'artist', 'uri': 'spotify:artist:4dERHHnO2pWD3YT1Oyt0gE'}]","['AR', 'AU', 'AT', 'BE', 'BO', 'BR', 'BG', 'CA', 'CL', 'CO', 'CR', 'CY', 'CZ', 'DK', 'DO', 'DE', 'EC', 'EE', 'SV', 'FI', 'FR', 'GR', 'GT', 'HN', 'HK', 'HU', 'IS', 'IE', 'IT', 'LV', 'LT', 'LU', 'MY', 'MT', 'MX', 'NL', 'NZ', 'NI', 'NO', 'PA', 'PY', 'PE', 'PH', 'PL', 'PT', 'SG', 'SK', 'ES', 'SE', 'CH', 'TW', 'TR', 'UY', 'US', 'GB', 'AD', 'LI', 'MC', 'ID', 'JP', 'TH', 'VN', 'RO', 'IL', 'ZA', 'SA', 'AE', 'BH', 'QA', 'OM', 'KW', 'EG', 'MA', 'DZ', 'TN', 'LB', 'JO', 'PS', 'IN', 'BY', 'KZ', 'MD', 'UA', 'AL', 'BA', 'HR', 'ME', 'MK', 'RS', 'SI', 'KR', 'BD', 'PK', 'LK', 'GH', 'KE', 'NG', 'TZ', 'UG', 'AG', 'AM', 'BS', 'BB', 'BZ', 'BT', 'BW', 'BF', 'CV', 'CW', 'DM', 'FJ', 'GM', 'GE', 'GD', 'GW', 'GY', 'HT', 'JM', 'KI', 'LS', 'LR', 'MW', 'MV', 'ML', 'MH', 'FM', 'NA', 'NR', 'NE', 'PW', 'PG', 'WS', 'SM', 'ST', 'SN', 'SC', 'SL', 'SB', 'KN', 'LC', 'VC', 'SR', 'TL', 'TO', 'TT', 'TV', 'VU', 'AZ', 'BN', 'BI', 'KH', 'CM', 'TD', 'KM', 'GQ', 'SZ', 'GA', 'GN', 'KG', 'LA', 'MO', 'MR', 'MN', 'NP', 'RW', 'TG', 'UZ', 'ZW', 'BJ', 'MG', 'MU', 'MZ', 'AO', 'CI', 'DJ', 'ZM', 'CD', 'CG', 'IQ', 'LY', 'TJ', 'VE', 'ET', 'XK']",1,216774,False,{'isrc': 'FRX872114040'},{'spotify': 'https://open.spotify.com/track/7wlbM2CN8RiSwWWwWLZx0y'},https://api.spotify.com/v1/tracks/7wlbM2CN8RiSwWWwWLZx0y,7wlbM2CN8RiSwWWwWLZx0y,,,,Seni oilai,45,https://p.scdn.co/mp3-preview/c5dfd5563ee4d576347950af6cd6fe31493e7222?cid=9d3d158cd29f446b877597f60e60f981,5,track,spotify:track:7wlbM2CN8RiSwWWwWLZx0y,False
"{'album_group': 'single', 'album_type': 'single', 'artists': [{'external_urls': {'spotify': 'https://open.spotify.com/artist/7nqOGRxlXj7N2JYbgNEjYH'}, 'href': 'https://api.spotify.com/v1/artists/7nqOGRxlXj7N2JYbgNEjYH', 'id': '7nqOGRxlXj7N2JYbgNEjYH', 'name': 'SEVENTEEN', 'type': 'artist', 'uri': 'spotify:artist:7nqOGRxlXj7N2JYbgNEjYH'}], 'available_markets': ['AD', 'AE', 'AG', 'AL', 'AM', 'AO', 'AR', 'AT', 'AU', 'AZ', 'BA', 'BB', 'BD', 'BE', 'BF', 'BG', 'BH', 'BI', 'BJ', 'BN', 'BO', 'BR', 'BS', 'BT', 'BW', 'BY', 'BZ', 'CA', 'CD', 'CG', 'CH', 'CI', 'CL', 'CM', 'CO', 'CR', 'CV', 'CW', 'CY', 'CZ', 'DE', 'DJ', 'DK', 'DM', 'DO', 'DZ', 'EC', 'EE', 'EG', 'ES', 'ET', 'FI', 'FJ', 'FM', 'FR', 'GA', 'GB', 'GD', 'GE', 'GH', 'GM', 'GN', 'GQ', 'GR', 'GT', 'GW', 'GY', 'HK', 'HN', 'HR', 'HT', 'HU', 'ID', 'IE', 'IL', 'IN', 'IQ', 'IS', 'IT', 'JM', 'JO', 'JP', 'KE', 'KG', 'KH', 'KI', 'KM', 'KN', 'KR', 'KW', 'KZ', 'LA', 'LB', 'LC', 'LI', 'LK', 'LR', 'LS', 'LT', 'LU', 'LV', 'LY', 'MA', 'MC', 'MD', 'ME', 'MG', 'MH', 'MK', 'ML', 'MN', 'MO', 'MR', 'MT', 'MU', 'MV', 'MW', 'MX', 'MY', 'MZ', 'NA', 'NE', 'NG', 'NI', 'NL', 'NO', 'NP', 'NR', 'NZ', 'OM', 'PA', 'PE', 'PG', 'PH', 'PK', 'PL', 'PS', 'PT', 'PW', 'PY', 'QA', 'RO', 'RS', 'RW', 'SA', 'SB', 'SC', 'SE', 'SG', 'SI', 'SK', 'SL', 'SM', 'SN', 'SR', 'ST', 'SV', 'SZ', 'TD', 'TG', 'TH', 'TJ', 'TL', 'TN', 'TO', 'TR', 'TT', 'TV', 'TW', 'TZ', 'UA', 'UG', 'US', 'UY', 'UZ', 'VC', 'VE', 'VN', 'VU', 'WS', 'XK', 'ZA', 'ZM', 'ZW'], 'external_urls': {'spotify': 'https://open.spotify.com/album/79VvXTQNeLr8KmvcdxN0Pc'}, 'href': 'https://api.spotify.com/v1/albums/79VvXTQNeLr8KmvcdxN0Pc', 'id': '79VvXTQNeLr8KmvcdxN0Pc', 'images': [{'height': 640, 'url': 'https://i.scdn.co/image/ab67616d0000b273c1a20972c9a083d5cece9ce5', 'width': 640}, {'height': 300, 'url': 'https://i.scdn.co/image/ab67616d00001e02c1a20972c9a083d5cece9ce5', 'width': 300}, {'height': 64, 'url': 'https://i.scdn.co/image/ab67616d00004851c1a20972c9a083d5cece9ce5', 'width': 64}], 'name': ""SEVENTEEN 8th Mini Album 'Your Choice'"", 'release_date': '2021-06-18', 'release_date_precision': 'day', 'total_tracks': 6, 'type': 'album', 'uri': 'spotify:album:79VvXTQNeLr8KmvcdxN0Pc'}","[{'external_urls': {'spotify': 'https://open.spotify.com/artist/7nqOGRxlXj7N2JYbgNEjYH'}, 'href': 'https://api.spotify.com/v1/artists/7nqOGRxlXj7N2JYbgNEjYH', 'id': '7nqOGRxlXj7N2JYbgNEjYH', 'name': 'SEVENTEEN', 'type': 'artist', 'uri': 'spotify:artist:7nqOGRxlXj7N2JYbgNEjYH'}]","['AR', 'AU', 'AT', 'BE', 'BO', 'BR', 'BG', 'CA', 'CL', 'CO', 'CR', 'CY', 'CZ', 'DK', 'DO', 'DE', 'EC', 'EE', 'SV', 'FI', 'FR', 'GR', 'GT', 'HN', 'HK', 'HU', 'IS', 'IE', 'IT', 'LV', 'LT', 'LU', 'MY', 'MT', 'MX', 'NL', 'NZ', 'NI', 'NO', 'PA', 'PY', 'PE', 'PH', 'PL', 'PT', 'SG', 'SK', 'ES', 'SE', 'CH', 'TW', 'TR', 'UY', 'US', 'GB', 'AD', 'LI', 'MC', 'ID', 'JP', 'TH', 'VN', 'RO', 'IL', 'ZA', 'SA', 'AE', 'BH', 'QA', 'OM', 'KW', 'EG', 'MA', 'DZ', 'TN', 'LB', 'JO', 'PS', 'IN', 'BY', 'KZ', 'MD', 'UA', 'AL', 'BA', 'HR', 'ME', 'MK', 'RS', 'SI', 'KR', 'BD', 'PK', 'LK', 'GH', 'KE', 'NG', 'TZ', 'UG', 'AG', 'AM', 'BS', 'BB', 'BZ', 'BT', 'BW', 'BF', 'CV', 'CW', 'DM', 'FJ', 'GM', 'GE', 'GD', 'GW', 'GY', 'HT', 'JM', 'KI', 'LS', 'LR', 'MW', 'MV', 'ML', 'MH', 'FM', 'NA', 'NR', 'NE', 'PW', 'PG', 'WS', 'SM', 'ST', 'SN', 'SC', 'SL', 'SB', 'KN', 'LC', 'VC', 'SR', 'TL', 'TO', 'TT', 'TV', 'VU', 'AZ', 'BN', 'BI', 'KH', 'CM', 'TD', 'KM', 'GQ', 'SZ', 'GA', 'GN', 'KG', 'LA', 'MO', 'MR', 'MN', 'NP', 'RW', 'TG', 'UZ', 'ZW', 'BJ', 'MG', 'MU', 'MZ', 'AO', 'CI', 'DJ', 'ZM', 'CD', 'CG', 'IQ', 'LY', 'TJ', 'VE', 'ET', 'XK']",1,184626,False,{'isrc': 'USA2P2119796'},{'spotify': 'https://open.spotify.com/track/7awomfKxYCpcqUlfZav6PD'},https://api.spotify.com/v1/tracks/7awomfKxYCpcqUlfZav6PD,7awomfKxYCpcqUlfZav6PD,,,,Wave,57,https://p.scdn.co/mp3-preview/31b146be1cfd62dd4eb7fa79a13f976f88abc922?cid=9d3d158cd29f446b877597f60e60f981,5,track,spotify:track:7awomfKxYCpcqUlfZav6PD,False
"{'album_group': 'album', 'album_type': 'album', 'artists': [{'external_urls': {'spotify': 'https://open.spotify.com/artist/7EVlq3yUVHbHZZsaYSOcXt'}, 'href': 'https://api.spotify.com/v1/artists/7EVlq3yUVHbHZZsaYSOcXt', 'id': '7EVlq3yUVHbHZZsaYSOcXt', 'name': 'Meaningful Stone', 'type': 'artist', 'uri': 'spotify:artist:7EVlq3yUVHbHZZsaYSOcXt'}], 'available_markets': ['AD', 'AE', 'AG', 'AL', 'AM', 'AO', 'AR', 'AT', 'AU', 'AZ', 'BA', 'BB', 'BD', 'BE', 'BF', 'BG', 'BH', 'BI', 'BJ', 'BN', 'BO', 'BR', 'BS', 'BT', 'BW', 'BY', 'BZ', 'CA', 'CD', 'CG', 'CH', 'CI', 'CL', 'CM', 'CO', 'CR', 'CV', 'CW', 'CY', 'CZ', 'DE', 'DJ', 'DK', 'DM', 'DO', 'DZ', 'EC', 'EE', 'EG', 'ES', 'ET', 'FI', 'FJ', 'FM', 'FR', 'GA', 'GB', 'GD', 'GE', 'GH', 'GM', 'GN', 'GQ', 'GR', 'GT', 'GW', 'GY', 'HK', 'HN', 'HR', 'HT', 'HU', 'ID', 'IE', 'IL', 'IN', 'IQ', 'IS', 'IT', 'JM', 'JO', 'JP', 'KE', 'KG', 'KH', 'KI', 'KM', 'KN', 'KR', 'KW', 'KZ', 'LA', 'LB', 'LC', 'LI', 'LK', 'LR', 'LS', 'LT', 'LU', 'LV', 'LY', 'MA', 'MC', 'MD', 'ME', 'MG', 'MH', 'MK', 'ML', 'MN', 'MO', 'MR', 'MT', 'MU', 'MV', 'MW', 'MX', 'MY', 'MZ', 'NA', 'NE', 'NG', 'NI', 'NL', 'NO', 'NP', 'NR', 'NZ', 'OM', 'PA', 'PE', 'PG', 'PH', 'PK', 'PL', 'PS', 'PT', 'PW', 'PY', 'QA', 'RO', 'RS', 'RW', 'SA', 'SB', 'SC', 'SE', 'SG', 'SI', 'SK', 'SL', 'SM', 'SN', 'SR', 'ST', 'SV', 'SZ', 'TD', 'TG', 'TH', 'TJ', 'TL', 'TN', 'TO', 'TR', 'TT', 'TV', 'TW', 'TZ', 'UA', 'UG', 'US', 'UY', 'UZ', 'VC', 'VE', 'VN', 'VU', 'WS', 'XK', 'ZA', 'ZM', 'ZW'], 'external_urls': {'spotify': 'https://open.spotify.com/album/7cuRyJgRk1NfHrCNv5tM3M'}, 'href': 'https://api.spotify.com/v1/albums/7cuRyJgRk1NfHrCNv5tM3M', 'id': '7cuRyJgRk1NfHrCNv5tM3M', 'images': [{'height': 640, 'url': 'https://i.scdn.co/image/ab67616d0000b27304a176f29248fe4b12a53f56', 'width': 640}, {'height': 300, 'url': 'https://i.scdn.co/image/ab67616d00001e0204a176f29248fe4b12a53f56', 'width': 300}, {'height': 64, 'url': 'https://i.scdn.co/image/ab67616d0000485104a176f29248fe4b12a53f56', 'width': 64}], 'name': 'A Call from My Dream', 'release_date': '2020-09-27', 'release_date_precision': 'day', 'total_tracks': 11, 'type': 'album', 'uri': 'spotify:album:7cuRyJgRk1NfHrCNv5tM3M'}","[{'external_urls': {'spotify': 'https://open.spotify.com/artist/7EVlq3yUVHbHZZsaYSOcXt'}, 'href': 'https://api.spotify.com/v1/artists/7EVlq3yUVHbHZZsaYSOcXt', 'id': '7EVlq3yUVHbHZZsaYSOcXt', 'name': 'Meaningful Stone', 'type': 'artist', 'uri': 'spotify:artist:7EVlq3yUVHbHZZsaYSOcXt'}]","['AR', 'AU', 'AT', 'BE', 'BO', 'BR', 'BG', 'CA', 'CL', 'CO', 'CR', 'CY', 'CZ', 'DK', 'DO', 'DE', 'EC', 'EE', 'SV', 'FI', 'FR', 'GR', 'GT', 'HN', 'HK', 'HU', 'IS', 'IE', 'IT', 'LV', 'LT', 'LU', 'MY', 'MT', 'MX', 'NL', 'NZ', 'NI', 'NO', 'PA', 'PY', 'PE', 'PH', 'PL', 'PT', 'SG', 'SK', 'ES', 'SE', 'CH', 'TW', 'TR', 'UY', 'US', 'GB', 'AD', 'LI', 'MC', 'ID', 'JP', 'TH', 'VN', 'RO', 'IL', 'ZA', 'SA', 'AE', 'BH', 'QA', 'OM', 'KW', 'EG', 'MA', 'DZ', 'TN', 'LB', 'JO', 'PS', 'IN', 'BY', 'KZ', 'MD', 'UA', 'AL', 'BA', 'HR', 'ME', 'MK', 'RS', 'SI', 'KR', 'BD', 'PK', 'LK', 'GH', 'KE', 'NG', 'TZ', 'UG', 'AG', 'AM', 'BS', 'BB', 'BZ', 'BT', 'BW', 'BF', 'CV', 'CW', 'DM', 'FJ', 'GM', 'GE', 'GD', 'GW', 'GY', 'HT', 'JM', 'KI', 'LS', 'LR', 'MW', 'MV', 'ML', 'MH', 'FM', 'NA', 'NR', 'NE', 'PW', 'PG', 'WS', 'SM', 'ST', 'SN', 'SC', 'SL', 'SB', 'KN', 'LC', 'VC', 'SR', 'TL', 'TO', 'TT', 'TV', 'VU', 'AZ', 'BN', 'BI', 'KH', 'CM', 'TD', 'KM', 'GQ', 'SZ', 'GA', 'GN', 'KG', 'LA', 'MO', 'MR', 'MN', 'NP', 'RW', 'TG', 'UZ', 'ZW', 'BJ', 'MG', 'MU', 'MZ', 'AO', 'CI', 'DJ', 'ZM', 'CD', 'CG', 'IQ', 'LY', 'TJ', 'VE', 'ET', 'XK']",1,203911,False,{'isrc': 'KRMIM2025399'},{'spotify': 'https://open.spotify.com/track/1Bzyh2PDRbIR1Q1A8u3U9b'},https://api.spotify.com/v1/tracks/1Bzyh2PDRbIR1Q1A8u3U9b,1Bzyh2PDRbIR1Q1A8u3U9b,,,,"Beep-Boop, Beep-Boop",51,https://p.scdn.co/mp3-preview/3f6a7f93509d200c436eab4da9a85ff7b3c6155e?cid=9d3d158cd29f446b877597f60e60f981,8,track,spotify:track:1Bzyh2PDRbIR1Q1A8u3U9b,False
"{'album_group': 'album', 'album_type': 'album', 'artists': [{'external_urls': {'spotify': 'https://open.spotify.com/artist/5fI4xffqGRGQvICSlJreMF'}, 'href': 'https://api.spotify.com/v1/artists/5fI4xffqGRGQvICSlJreMF', 'id': '5fI4xffqGRGQvICSlJreMF', 'name': 'GWSN', 'type': 'artist', 'uri': 'spotify:artist:5fI4xffqGRGQvICSlJreMF'}], 'available_markets': ['AD', 'AE', 'AG', 'AL', 'AM', 'AO', 'AR', 'AT', 'AU', 'AZ', 'BA', 'BB', 'BD', 'BE', 'BF', 'BG', 'BH', 'BI', 'BJ', 'BN', 'BO', 'BR', 'BS', 'BT', 'BW', 'BY', 'BZ', 'CA', 'CD', 'CG', 'CH', 'CI', 'CL', 'CM', 'CO', 'CR', 'CV', 'CW', 'CY', 'CZ', 'DE', 'DJ', 'DK', 'DM', 'DO', 'DZ', 'EC', 'EE', 'EG', 'ES', 'ET', 'FI', 'FJ', 'FM', 'FR', 'GA', 'GB', 'GD', 'GE', 'GH', 'GM', 'GN', 'GQ', 'GR', 'GT', 'GW', 'GY', 'HK', 'HN', 'HR', 'HT', 'HU', 'ID', 'IE', 'IL', 'IN', 'IQ', 'IS', 'IT', 'JM', 'JO', 'JP', 'KE', 'KG', 'KH', 'KI', 'KM', 'KN', 'KR', 'KW', 'KZ', 'LA', 'LB', 'LC', 'LI', 'LK', 'LR', 'LS', 'LT', 'LU', 'LV', 'LY', 'MA', 'MC', 'MD', 'ME', 'MG', 'MH', 'MK', 'ML', 'MN', 'MO', 'MR', 'MT', 'MU', 'MV', 'MW', 'MX', 'MY', 'MZ', 'NA', 'NE', 'NG', 'NI', 'NL', 'NO', 'NP', 'NR', 'NZ', 'OM', 'PA', 'PE', 'PG', 'PH', 'PK', 'PL', 'PS', 'PT', 'PW', 'PY', 'QA', 'RO', 'RS', 'RW', 'SA', 'SB', 'SC', 'SE', 'SG', 'SI', 'SK', 'SL', 'SM', 'SN', 'SR', 'ST', 'SV', 'SZ', 'TD', 'TG', 'TH', 'TJ', 'TL', 'TN', 'TO', 'TR', 'TT', 'TV', 'TW', 'TZ', 'UA', 'UG', 'US', 'UY', 'UZ', 'VC', 'VE', 'VN', 'VU', 'WS', 'XK', 'ZA', 'ZM', 'ZW'], 'external_urls': {'spotify': 'https://open.spotify.com/album/00YQEfKRNuz3GNQLUSX3Ut'}, 'href': 'https://api.spotify.com/v1/albums/00YQEfKRNuz3GNQLUSX3Ut', 'id': '00YQEfKRNuz3GNQLUSX3Ut', 'images': [{'height': 640, 'url': 'https://i.scdn.co/image/ab67616d0000b273a02d76fa292b755ba8bbf9e2', 'width': 640}, {'height': 300, 'url': 'https://i.scdn.co/image/ab67616d00001e02a02d76fa292b755ba8bbf9e2', 'width': 300}, {'height': 64, 'url': 'https://i.scdn.co/image/ab67616d00004851a02d76fa292b755ba8bbf9e2', 'width': 64}], 'name': 'THE PARK IN THE NIGHT part three', 'release_date': '2019-07-23', 'release_date_precision': 'day', 'total_tracks': 8, 'type': 'album', 'uri': 'spotify:album:00YQEfKRNuz3GNQLUSX3Ut'}","[{'external_urls': {'spotify': 'https://open.spotify.com/artist/5fI4xffqGRGQvICSlJreMF'}, 'href': 'https://api.spotify.com/v1/artists/5fI4xffqGRGQvICSlJreMF', 'id': '5fI4xffqGRGQvICSlJreMF', 'name': 'GWSN', 'type': 'artist', 'uri': 'spotify:artist:5fI4xffqGRGQvICSlJreMF'}]","['AR', 'AU', 'AT', 'BE', 'BO', 'BR', 'BG', 'CA', 'CL', 'CO', 'CR', 'CY', 'CZ', 'DK', 'DO', 'DE', 'EC', 'EE', 'SV', 'FI', 'FR', 'GR', 'GT', 'HN', 'HK', 'HU', 'IS', 'IE', 'IT', 'LV', 'LT', 'LU', 'MY', 'MT', 'MX', 'NL', 'NZ', 'NI', 'NO', 'PA', 'PY', 'PE', 'PH', 'PL', 'PT', 'SG', 'SK', 'ES', 'SE', 'CH', 'TW', 'TR', 'UY', 'US', 'GB', 'AD', 'LI', 'MC', 'ID', 'JP', 'TH', 'VN', 'RO', 'IL', 'ZA', 'SA', 'AE', 'BH', 'QA', 'OM', 'KW', 'EG', 'MA', 'DZ', 'TN', 'LB', 'JO', 'PS', 'IN', 'BY', 'KZ', 'MD', 'UA', 'AL', 'BA', 'HR', 'ME', 'MK', 'RS', 'SI', 'KR', 'BD', 'PK', 'LK', 'GH', 'KE', 'NG', 'TZ', 'UG', 'AG', 'AM', 'BS', 'BB', 'BZ', 'BT', 'BW', 'BF', 'CV', 'CW', 'DM', 'FJ', 'GM', 'GE', 'GD', 'GW', 'GY', 'HT', 'JM', 'KI', 'LS', 'LR', 'MW', 'MV', 'ML', 'MH', 'FM', 'NA', 'NR', 'NE', 'PW', 'PG', 'WS', 'SM', 'ST', 'SN', 'SC', 'SL', 'SB', 'KN', 'LC', 'VC', 'SR', 'TL', 'TO', 'TT', 'TV', 'VU', 'AZ', 'BN', 'BI', 'KH', 'CM', 'TD', 'KM', 'GQ', 'SZ', 'GA', 'GN', 'KG', 'LA', 'MO', 'MR', 'MN', 'NP', 'RW', 'TG', 'UZ', 'ZW', 'BJ', 'MG', 'MU', 'MZ', 'AO', 'CI', 'DJ', 'ZM', 'CD', 'CG', 'IQ', 'LY', 'TJ', 'VE', 'ET', 'XK']",1,188367,False,{'isrc': 'KRA381903609'},{'spotify': 'https://open.spotify.com/track/56ze1yziKclD5iaYlhYysx'},https://api.spotify.com/v1/tracks/56ze1yziKclD5iaYlhYysx,56ze1yziKclD5iaYlhYysx,,,,Total Eclipse (Black Out),33,https://p.scdn.co/mp3-preview/444c2ce7a76c27943f91dcf762ff1f0fdbfb3043?cid=9d3d158cd29f446b877597f60e60f981,4,track,spotify:track:56ze1yziKclD5iaYlhYysx,False
"{'album_group': 'single', 'album_type': 'single', 'artists': [{'external_urls': {'spotify': 'https://open.spotify.com/artist/5fI4xffqGRGQvICSlJreMF'}, 'href': 'https://api.spotify.com/v1/artists/5fI4xffqGRGQvICSlJreMF', 'id': '5fI4xffqGRGQvICSlJreMF', 'name': 'GWSN', 'type': 'artist', 'uri': 'spotify:artist:5fI4xffqGRGQvICSlJreMF'}], 'available_markets': ['AD', 'AE', 'AG', 'AL', 'AM', 'AO', 'AR', 'AT', 'AU', 'AZ', 'BA', 'BB', 'BD', 'BE', 'BF', 'BG', 'BH', 'BI', 'BJ', 'BN', 'BO', 'BR', 'BS', 'BT', 'BW', 'BY', 'BZ', 'CA', 'CD', 'CG', 'CH', 'CI', 'CL', 'CM', 'CO', 'CR', 'CV', 'CW', 'CY', 'CZ', 'DE', 'DJ', 'DK', 'DM', 'DO', 'DZ', 'EC', 'EE', 'EG', 'ES', 'FI', 'FJ', 'FM', 'FR', 'GA', 'GB', 'GD', 'GE', 'GH', 'GM', 'GN', 'GQ', 'GR', 'GT', 'GW', 'GY', 'HK', 'HN', 'HR', 'HT', 'HU', 'ID', 'IE', 'IL', 'IN', 'IQ', 'IS', 'IT', 'JM', 'JO', 'JP', 'KE', 'KG', 'KH', 'KI', 'KM', 'KN', 'KR', 'KW', 'KZ', 'LA', 'LB', 'LC', 'LI', 'LK', 'LR', 'LS', 'LT', 'LU', 'LV', 'LY', 'MA', 'MC', 'MD', 'ME', 'MG', 'MH', 'MK', 'ML', 'MN', 'MO', 'MR', 'MT', 'MU', 'MV', 'MW', 'MX', 'MY', 'MZ', 'NA', 'NE', 'NG', 'NI', 'NL', 'NO', 'NP', 'NR', 'NZ', 'OM', 'PA', 'PE', 'PG', 'PH', 'PK', 'PL', 'PS', 'PT', 'PW', 'PY', 'QA', 'RO', 'RS', 'RW', 'SA', 'SB', 'SC', 'SE', 'SG', 'SI', 'SK', 'SL', 'SM', 'SN', 'SR', 'ST', 'SV', 'SZ', 'TD', 'TG', 'TH', 'TJ', 'TL', 'TN', 'TO', 'TR', 'TT', 'TV', 'TW', 'TZ', 'UA', 'UG', 'US', 'UY', 'UZ', 'VC', 'VE', 'VN', 'VU', 'WS', 'XK', 'ZA', 'ZM', 'ZW'], 'external_urls': {'spotify': 'https://open.spotify.com/album/3M9snahHug38BoaY7kDIFu'}, 'href': 'https://api.spotify.com/v1/albums/3M9snahHug38BoaY7kDIFu', 'id': '3M9snahHug38BoaY7kDIFu', 'images': [{'height': 640, 'url': 'https://i.scdn.co/image/ab67616d0000b273277e34827c93d994318a8645', 'width': 640}, {'height': 300, 'url': 'https://i.scdn.co/image/ab67616d00001e02277e34827c93d994318a8645', 'width': 300}, {'height': 64, 'url': 'https://i.scdn.co/image/ab67616d00004851277e34827c93d994318a8645', 'width': 64}], 'name': 'the Keys', 'release_date': '2020-04-28', 'release_date_precision': 'day', 'total_tracks': 4, 'type': 'album', 'uri': 'spotify:album:3M9snahHug38BoaY7kDIFu'}","[{'external_urls': {'spotify': 'https://open.spotify.com/artist/5fI4xffqGRGQvICSlJreMF'}, 'href': 'https://api.spotify.com/v1/artists/5fI4xffqGRGQvICSlJreMF', 'id': '5fI4xffqGRGQvICSlJreMF', 'name': 'GWSN', 'type': 'artist', 'uri': 'spotify:artist:5fI4xffqGRGQvICSlJreMF'}]","['AR', 'AU', 'AT', 'BE', 'BO', 'BR', 'BG', 'CA', 'CL', 'CO', 'CR', 'CY', 'CZ', 'DK', 'DO', 'DE', 'EC', 'EE', 'SV', 'FI', 'FR', 'GR', 'GT', 'HN', 'HK', 'HU', 'IS', 'IE', 'IT', 'LV', 'LT', 'LU', 'MY', 'MT', 'MX', 'NL', 'NZ', 'NI', 'NO', 'PA', 'PY', 'PE', 'PH', 'PL', 'PT', 'SG', 'SK', 'ES', 'SE', 'CH', 'TW', 'TR', 'UY', 'US', 'GB', 'AD', 'LI', 'MC', 'ID', 'JP', 'TH', 'VN', 'RO', 'IL', 'ZA', 'SA', 'AE', 'BH', 'QA', 'OM', 'KW', 'EG', 'MA', 'DZ', 'TN', 'LB', 'JO', 'PS', 'IN', 'BY', 'KZ', 'MD', 'UA', 'AL', 'BA', 'HR', 'ME', 'MK', 'RS', 'SI', 'KR', 'BD', 'PK', 'LK', 'GH', 'KE', 'NG', 'TZ', 'UG', 'AG', 'AM', 'BS', 'BB', 'BZ', 'BT', 'BW', 'BF', 'CV', 'CW', 'DM', 'FJ', 'GM', 'GE', 'GD', 'GW', 'GY', 'HT', 'JM', 'KI', 'LS', 'LR', 'MW', 'MV', 'ML', 'MH', 'FM', 'NA', 'NR', 'NE', 'PW', 'PG', 'WS', 'SM', 'ST', 'SN', 'SC', 'SL', 'SB', 'KN', 'LC', 'VC', 'SR', 'TL', 'TO', 'TT', 'TV', 'VU', 'AZ', 'BN', 'BI', 'KH', 'CM', 'TD', 'KM', 'GQ', 'SZ', 'GA', 'GN', 'KG', 'LA', 'MO', 'MR', 'MN', 'NP', 'RW', 'TG', 'UZ', 'ZW', 'BJ', 'MG', 'MU', 'MZ', 'AO', 'CI', 'DJ', 'ZM', 'CD', 'CG', 'IQ', 'LY', 'TJ', 'VE', 'ET', 'XK']",1,227367,False,{'isrc': 'KRB462000306'},{'spotify': 'https://open.spotify.com/track/0nVQUr1Q4P6YTkv6KLdGU4'},https://api.spotify.com/v1/tracks/0nVQUr1Q4P6YTkv6KLdGU4,0nVQUr1Q4P6YTkv6KLdGU4,,,,Tweaks ~ Heavy cloud but no rain,38,https://p.scdn.co/mp3-preview/05e1c738afb3fd87494ebea5e931e9bc11258b5f?cid=9d3d158cd29f446b877597f60e60f981,3,track,spotify:track:0nVQUr1Q4P6YTkv6KLdGU4,False
"{'album_group': 'album', 'album_type': 'album', 'artists': [{'external_urls': {'spotify': 'https://open.spotify.com/artist/2PSJ6YriU7JsFucxACpU7Y'}, 'href': 'https://api.spotify.com/v1/artists/2PSJ6YriU7JsFucxACpU7Y', 'id': '2PSJ6YriU7JsFucxACpU7Y', 'name': 'CHUNG HA', 'type': 'artist', 'uri': 'spotify:artist:2PSJ6YriU7JsFucxACpU7Y'}], 'available_markets': ['AD', 'AE', 'AG', 'AL', 'AM', 'AO', 'AR', 'AT', 'AU', 'AZ', 'BA', 'BB', 'BD', 'BE', 'BF', 'BG', 'BH', 'BI', 'BJ', 'BN', 'BO', 'BR', 'BS', 'BT', 'BW', 'BY', 'BZ', 'CA', 'CD', 'CG', 'CH', 'CI', 'CL', 'CM', 'CO', 'CR', 'CV', 'CW', 'CY', 'CZ', 'DE', 'DJ', 'DK', 'DM', 'DO', 'DZ', 'EC', 'EE', 'EG', 'ES', 'ET', 'FI', 'FJ', 'FM', 'FR', 'GA', 'GB', 'GD', 'GE', 'GH', 'GM', 'GN', 'GQ', 'GR', 'GT', 'GW', 'GY', 'HK', 'HN', 'HR', 'HT', 'HU', 'ID', 'IE', 'IL', 'IN', 'IQ', 'IS', 'IT', 'JM', 'JO', 'JP', 'KE', 'KG', 'KH', 'KI', 'KM', 'KN', 'KW', 'KZ', 'LA', 'LB', 'LC', 'LI', 'LK', 'LR', 'LS', 'LT', 'LU', 'LV', 'LY', 'MA', 'MC', 'MD', 'ME', 'MG', 'MH', 'MK', 'ML', 'MN', 'MO', 'MR', 'MT', 'MU', 'MV', 'MW', 'MX', 'MY', 'MZ', 'NA', 'NE', 'NG', 'NI', 'NL', 'NO', 'NP', 'NR', 'NZ', 'OM', 'PA', 'PE', 'PG', 'PH', 'PK', 'PL', 'PS', 'PT', 'PW', 'PY', 'QA', 'RO', 'RS', 'RW', 'SA', 'SB', 'SC', 'SE', 'SG', 'SI', 'SK', 'SL', 'SM', 'SN', 'SR', 'ST', 'SV', 'SZ', 'TD', 'TG', 'TH', 'TJ', 'TL', 'TN', 'TO', 'TR', 'TT', 'TV', 'TW', 'TZ', 'UA', 'UG', 'US', 'UY', 'UZ', 'VC', 'VE', 'VN', 'VU', 'WS', 'XK', 'ZA', 'ZM', 'ZW'], 'external_urls': {'spotify': 'https://open.spotify.com/album/1p2OBhqq0d1N8awjHV9xA3'}, 'href': 'https://api.spotify.com/v1/albums/1p2OBhqq0d1N8awjHV9xA3', 'id': '1p2OBhqq0d1N8awjHV9xA3', 'images': [{'height': 640, 'url': 'https://i.scdn.co/image/ab67616d0000b27328e5351049de8f6ee39111f5', 'width': 640}, {'height': 300, 'url': 'https://i.scdn.co/image/ab67616d00001e0228e5351049de8f6ee39111f5', 'width': 300}, {'height': 64, 'url': 'https://i.scdn.co/image/ab67616d0000485128e5351049de8f6ee39111f5', 'width': 64}], 'name': 'Querencia', 'release_date': '2021-02-15', 'release_date_precision': 'day', 'total_tracks': 21, 'type': 'album', 'uri': 'spotify:album:1p2OBhqq0d1N8awjHV9xA3'}","[{'external_urls': {'spotify': 'https://open.spotify.com/artist/2PSJ6YriU7JsFucxACpU7Y'}, 'href': 'https://api.spotify.com/v1/artists/2PSJ6YriU7JsFucxACpU7Y', 'id': '2PSJ6YriU7JsFucxACpU7Y', 'name': 'CHUNG HA', 'type': 'artist', 'uri': 'spotify:artist:2PSJ6YriU7JsFucxACpU7Y'}]","['AR', 'AU', 'AT', 'BE', 'BO', 'BR', 'BG', 'CA', 'CL', 'CO', 'CR', 'CY', 'CZ', 'DK', 'DO', 'DE', 'EC', 'EE', 'SV', 'FI', 'FR', 'GR', 'GT', 'HN', 'HK', 'HU', 'IS', 'IE', 'IT', 'LV', 'LT', 'LU', 'MY', 'MT', 'MX', 'NL', 'NZ', 'NI', 'NO', 'PA', 'PY', 'PE', 'PH', 'PL', 'PT', 'SG', 'SK', 'ES', 'SE', 'CH', 'TW', 'TR', 'UY', 'US', 'GB', 'AD', 'LI', 'MC', 'ID', 'JP', 'TH', 'VN', 'RO', 'IL', 'ZA', 'SA', 'AE', 'BH', 'QA', 'OM', 'KW', 'EG', 'MA', 'DZ', 'TN', 'LB', 'JO', 'PS', 'IN', 'BY', 'KZ', 'MD', 'UA', 'AL', 'BA', 'HR', 'ME', 'MK', 'RS', 'SI', 'BD', 'PK', 'LK', 'GH', 'KE', 'NG', 'TZ', 'UG', 'AG', 'AM', 'BS', 'BB', 'BZ', 'BT', 'BW', 'BF', 'CV', 'CW', 'DM', 'FJ', 'GM', 'GE', 'GD', 'GW', 'GY', 'HT', 'JM', 'KI', 'LS', 'LR', 'MW', 'MV', 'ML', 'MH', 'FM', 'NA', 'NR', 'NE', 'PW', 'PG', 'WS', 'SM', 'ST', 'SN', 'SC', 'SL', 'SB', 'KN', 'LC', 'VC', 'SR', 'TL', 'TO', 'TT', 'TV', 'VU', 'AZ', 'BN', 'BI', 'KH', 'CM', 'TD', 'KM', 'GQ', 'SZ', 'GA', 'GN', 'KG', 'LA', 'MO', 'MR', 'MN', 'NP', 'RW', 'TG', 'UZ', 'ZW', 'BJ', 'MG', 'MU', 'MZ', 'AO', 'CI', 'DJ', 'ZM', 'CD', 'CG', 'IQ', 'LY', 'TJ', 'VE', 'ET', 'XK']",1,202731,False,{'isrc': 'KRMIM2033697'},{'spotify': 'https://open.spotify.com/track/3t4ozuyQ2OidVwuG08FHBn'},https://api.spotify.com/v1/tracks/3t4ozuyQ2OidVwuG08FHBn,3t4ozuyQ2OidVwuG08FHBn,,,,Bother Me,50,https://p.scdn.co/mp3-preview/767383939d62aeaa9594f722702ab21de4004b81?cid=9d3d158cd29f446b877597f60e60f981,9,track,spotify:track:3t4ozuyQ2OidVwuG08FHBn,False
"{'album_group': 'album', 'album_type': 'album', 'artists': [{'external_urls': {'spotify': 'https://open.spotify.com/artist/3wRA5UYoo08BBKJnzyKkpF'}, 'href': 'https://api.spotify.com/v1/artists/3wRA5UYoo08BBKJnzyKkpF', 'id': '3wRA5UYoo08BBKJnzyKkpF', 'name': 'f(x)', 'type': 'artist', 'uri': 'spotify:artist:3wRA5UYoo08BBKJnzyKkpF'}], 'available_markets': ['AD', 'AE', 'AG', 'AL', 'AM', 'AO', 'AR', 'AT', 'AU', 'AZ', 'BA', 'BB', 'BD', 'BE', 'BF', 'BG', 'BH', 'BI', 'BJ', 'BN', 'BO', 'BR', 'BS', 'BT', 'BW', 'BY', 'BZ', 'CA', 'CD', 'CG', 'CH', 'CI', 'CL', 'CM', 'CO', 'CR', 'CV', 'CW', 'CY', 'CZ', 'DE', 'DJ', 'DK', 'DM', 'DO', 'DZ', 'EC', 'EE', 'EG', 'ES', 'ET', 'FI', 'FJ', 'FM', 'FR', 'GA', 'GB', 'GD', 'GE', 'GH', 'GM', 'GN', 'GQ', 'GR', 'GT', 'GW', 'GY', 'HK', 'HN', 'HR', 'HT', 'HU', 'ID', 'IE', 'IL', 'IN', 'IQ', 'IS', 'IT', 'JM', 'JO', 'JP', 'KE', 'KG', 'KH', 'KI', 'KM', 'KN', 'KR', 'KW', 'KZ', 'LA', 'LB', 'LC', 'LI', 'LK', 'LR', 'LS', 'LT', 'LU', 'LV', 'LY', 'MA', 'MC', 'MD', 'ME', 'MG', 'MH', 'MK', 'ML', 'MN', 'MO', 'MR', 'MT', 'MU', 'MV', 'MW', 'MX', 'MY', 'MZ', 'NA', 'NE', 'NG', 'NI', 'NL', 'NO', 'NP', 'NR', 'NZ', 'OM', 'PA', 'PE', 'PG', 'PH', 'PK', 'PL', 'PS', 'PT', 'PW', 'PY', 'QA', 'RO', 'RS', 'RW', 'SA', 'SB', 'SC', 'SE', 'SG', 'SI', 'SK', 'SL', 'SM', 'SN', 'SR', 'ST', 'SV', 'SZ', 'TD', 'TG', 'TH', 'TJ', 'TL', 'TN', 'TO', 'TR', 'TT', 'TV', 'TW', 'TZ', 'UA', 'UG', 'US', 'UY', 'UZ', 'VC', 'VE', 'VN', 'VU', 'WS', 'XK', 'ZA', 'ZM', 'ZW'], 'external_urls': {'spotify': 'https://open.spotify.com/album/6yJdchE7ARS996BxRgplFH'}, 'href': 'https://api.spotify.com/v1/albums/6yJdchE7ARS996BxRgplFH', 'id': '6yJdchE7ARS996BxRgplFH', 'images': [{'height': 640, 'url': 'https://i.scdn.co/image/ab67616d0000b273b6baf420e67f45971ca0d216', 'width': 640}, {'height': 300, 'url': 'https://i.scdn.co/image/ab67616d00001e02b6baf420e67f45971ca0d216', 'width': 300}, {'height': 64, 'url': 'https://i.scdn.co/image/ab67616d00004851b6baf420e67f45971ca0d216', 'width': 64}], 'name': '4 Walls - The 4th Album', 'release_date': '2015-10-27', 'release_date_precision': 'day', 'total_tracks': 10, 'type': 'album', 'uri': 'spotify:album:6yJdchE7ARS996BxRgplFH'}","[{'external_urls': {'spotify': 'https://open.spotify.com/artist/3wRA5UYoo08BBKJnzyKkpF'}, 'href': 'https://api.spotify.com/v1/artists/3wRA5UYoo08BBKJnzyKkpF', 'id': '3wRA5UYoo08BBKJnzyKkpF', 'name': 'f(x)', 'type': 'artist', 'uri': 'spotify:artist:3wRA5UYoo08BBKJnzyKkpF'}]","['AR', 'AU', 'AT', 'BE', 'BO', 'BR', 'BG', 'CA', 'CL', 'CO', 'CR', 'CY', 'CZ', 'DK', 'DO', 'DE', 'EC', 'EE', 'SV', 'FI', 'FR', 'GR', 'GT', 'HN', 'HK', 'HU', 'IS', 'IE', 'IT', 'LV', 'LT', 'LU', 'MY', 'MT', 'MX', 'NL', 'NZ', 'NI', 'NO', 'PA', 'PY', 'PE', 'PH', 'PL', 'PT', 'SG', 'SK', 'ES', 'SE', 'CH', 'TW', 'TR', 'UY', 'US', 'GB', 'AD', 'LI', 'MC', 'ID', 'JP', 'TH', 'VN', 'RO', 'IL', 'ZA', 'SA', 'AE', 'BH', 'QA', 'OM', 'KW', 'EG', 'MA', 'DZ', 'TN', 'LB', 'JO', 'PS', 'IN', 'BY', 'KZ', 'MD', 'UA', 'AL', 'BA', 'HR', 'ME', 'MK', 'RS', 'SI', 'KR', 'BD', 'PK', 'LK', 'GH', 'KE', 'NG', 'TZ', 'UG', 'AG', 'AM', 'BS', 'BB', 'BZ', 'BT', 'BW', 'BF', 'CV', 'CW', 'DM', 'FJ', 'GM', 'GE', 'GD', 'GW', 'GY', 'HT', 'JM', 'KI', 'LS', 'LR', 'MW', 'MV', 'ML', 'MH', 'FM', 'NA', 'NR', 'NE', 'PW', 'PG', 'WS', 'SM', 'ST', 'SN', 'SC', 'SL', 'SB', 'KN', 'LC', 'VC', 'SR', 'TL', 'TO', 'TT', 'TV', 'VU', 'AZ', 'BN', 'BI', 'KH', 'CM', 'TD', 'KM', 'GQ', 'SZ', 'GA', 'GN', 'KG', 'LA', 'MO', 'MR', 'MN', 'NP', 'RW', 'TG', 'UZ', 'ZW', 'BJ', 'MG', 'MU', 'MZ', 'AO', 'CI', 'DJ', 'ZM', 'CD', 'CG', 'IQ', 'LY', 'TJ', 'VE', 'ET', 'XK']",1,207477,False,{'isrc': 'KRA301500519'},{'spotify': 'https://open.spotify.com/track/2YkjXEab4USTV9uuAgC90E'},https://api.spotify.com/v1/tracks/2YkjXEab4USTV9uuAgC90E,2YkjXEab4USTV9uuAgC90E,,,,4 Walls,59,https://p.scdn.co/mp3-preview/f5c6c152c9a14ca048ab03eb5a762e9ce8c5f3e6?cid=9d3d158cd29f446b877597f60e60f981,1,track,spotify:track:2YkjXEab4USTV9uuAgC90E,False
"{'album_group': 'album', 'album_type': 'album', 'artists': [{'external_urls': {'spotify': 'https://open.spotify.com/artist/1nIJEqPyIj5qutlgWNmQB0'}, 'href': 'https://api.spotify.com/v1/artists/1nIJEqPyIj5qutlgWNmQB0', 'id': '1nIJEqPyIj5qutlgWNmQB0', 'name': 'Erika de Casier', 'type': 'artist', 'uri': 'spotify:artist:1nIJEqPyIj5qutlgWNmQB0'}], 'available_markets': ['AD', 'AE', 'AG', 'AL', 'AM', 'AO', 'AR', 'AT', 'AU', 'AZ', 'BA', 'BB', 'BD', 'BE', 'BF', 'BG', 'BH', 'BI', 'BJ', 'BN', 'BO', 'BR', 'BS', 'BT', 'BW', 'BY', 'BZ', 'CA', 'CD', 'CG', 'CH', 'CI', 'CL', 'CM', 'CO', 'CR', 'CV', 'CW', 'CY', 'CZ', 'DE', 'DJ', 'DK', 'DM', 'DO', 'DZ', 'EC', 'EE', 'EG', 'ES', 'ET', 'FI', 'FJ', 'FM', 'FR', 'GA', 'GB', 'GD', 'GE', 'GH', 'GM', 'GN', 'GQ', 'GR', 'GT', 'GW', 'GY', 'HK', 'HN', 'HR', 'HT', 'HU', 'ID', 'IE', 'IL', 'IN', 'IQ', 'IS', 'IT', 'JM', 'JO', 'KE', 'KG', 'KH', 'KI', 'KM', 'KN', 'KR', 'KW', 'KZ', 'LA', 'LB', 'LC', 'LI', 'LK', 'LR', 'LS', 'LT', 'LU', 'LV', 'LY', 'MA', 'MC', 'MD', 'ME', 'MG', 'MH', 'MK', 'ML', 'MN', 'MO', 'MR', 'MT', 'MU', 'MV', 'MW', 'MX', 'MY', 'MZ', 'NA', 'NE', 'NG', 'NI', 'NL', 'NO', 'NP', 'NR', 'NZ', 'OM', 'PA', 'PE', 'PG', 'PH', 'PK', 'PL', 'PS', 'PT', 'PW', 'PY', 'QA', 'RO', 'RS', 'RW', 'SA', 'SB', 'SC', 'SE', 'SG', 'SI', 'SK', 'SL', 'SM', 'SN', 'SR', 'ST', 'SV', 'SZ', 'TD', 'TG', 'TH', 'TJ', 'TL', 'TN', 'TO', 'TR', 'TT', 'TV', 'TW', 'TZ', 'UA', 'UG', 'US', 'UY', 'UZ', 'VC', 'VE', 'VN', 'VU', 'WS', 'XK', 'ZA', 'ZM', 'ZW'], 'external_urls': {'spotify': 'https://open.spotify.com/album/6AYAMoty9hbhfzRKWaILTW'}, 'href': 'https://api.spotify.com/v1/albums/6AYAMoty9hbhfzRKWaILTW', 'id': '6AYAMoty9hbhfzRKWaILTW', 'images': [{'height': 640, 'url': 'https://i.scdn.co/image/ab67616d0000b2739e5f87ec4047381725ea8502', 'width': 640}, {'height': 300, 'url': 'https://i.scdn.co/image/ab67616d00001e029e5f87ec4047381725ea8502', 'width': 300}, {'height': 64, 'url': 'https://i.scdn.co/image/ab67616d000048519e5f87ec4047381725ea8502', 'width': 64}], 'name': 'Essentials', 'release_date': '2019-05-15', 'release_date_precision': 'day', 'total_tracks': 12, 'type': 'album', 'uri': 'spotify:album:6AYAMoty9hbhfzRKWaILTW'}","[{'external_urls': {'spotify': 'https://open.spotify.com/artist/1nIJEqPyIj5qutlgWNmQB0'}, 'href': 'https://api.spotify.com/v1/artists/1nIJEqPyIj5qutlgWNmQB0', 'id': '1nIJEqPyIj5qutlgWNmQB0', 'name': 'Erika de Casier', 'type': 'artist', 'uri': 'spotify:artist:1nIJEqPyIj5qutlgWNmQB0'}]","['AR', 'AU', 'AT', 'BE', 'BO', 'BR', 'BG', 'CA', 'CL', 'CO', 'CR', 'CY', 'CZ', 'DK', 'DO', 'DE', 'EC', 'EE', 'SV', 'FI', 'FR', 'GR', 'GT', 'HN', 'HK', 'HU', 'IS', 'IE', 'IT', 'LV', 'LT', 'LU', 'MY', 'MT', 'MX', 'NL', 'NZ', 'NI', 'NO', 'PA', 'PY', 'PE', 'PH', 'PL', 'PT', 'SG', 'SK', 'ES', 'SE', 'CH', 'TW', 'TR', 'UY', 'US', 'GB', 'AD', 'LI', 'MC', 'ID', 'TH', 'VN', 'RO', 'IL', 'ZA', 'SA', 'AE', 'BH', 'QA', 'OM', 'KW', 'EG', 'MA', 'DZ', 'TN', 'LB', 'JO', 'PS', 'IN', 'BY', 'KZ', 'MD', 'UA', 'AL', 'BA', 'HR', 'ME', 'MK', 'RS', 'SI', 'KR', 'BD', 'PK', 'LK', 'GH', 'KE', 'NG', 'TZ', 'UG', 'AG', 'AM', 'BS', 'BB', 'BZ', 'BT', 'BW', 'BF', 'CV', 'CW', 'DM', 'FJ', 'GM', 'GE', 'GD', 'GW', 'GY', 'HT', 'JM', 'KI', 'LS', 'LR', 'MW', 'MV', 'ML', 'MH', 'FM', 'NA', 'NR', 'NE', 'PW', 'PG', 'WS', 'SM', 'ST', 'SN', 'SC', 'SL', 'SB', 'KN', 'LC', 'VC', 'SR', 'TL', 'TO', 'TT', 'TV', 'VU', 'AZ', 'BN', 'BI', 'KH', 'CM', 'TD', 'KM', 'GQ', 'SZ', 'GA', 'GN', 'KG', 'LA', 'MO', 'MR', 'MN', 'NP', 'RW', 'TG', 'UZ', 'ZW', 'BJ', 'MG', 'MU', 'MZ', 'AO', 'CI', 'DJ', 'ZM', 'CD', 'CG', 'IQ', 'LY', 'TJ', 'VE', 'ET', 'XK']",1,207856,False,{'isrc': 'GBKPL1947863'},{'spotify': 'https://open.spotify.com/track/0uNo3E6rg68AFf18ZyeLgm'},https://api.spotify.com/v1/tracks/0uNo3E6rg68AFf18ZyeLgm,0uNo3E6rg68AFf18ZyeLgm,,,,Puppy Love,45,https://p.scdn.co/mp3-preview/5ae40e79d592b27ab2d45d320b702ce71dd29586?cid=9d3d158cd29f446b877597f60e60f981,6,track,spotify:track:0uNo3E6rg68AFf18ZyeLgm,False
"{'album_group': 'single', 'album_type': 'single', 'artists': [{'external_urls': {'spotify': 'https://open.spotify.com/artist/0LOK81e9H5lr61HlGGHqwA'}, 'href': 'https://api.spotify.com/v1/artists/0LOK81e9H5lr61HlGGHqwA', 'id': '0LOK81e9H5lr61HlGGHqwA', 'name': 'XG', 'type': 'artist', 'uri': 'spotify:artist:0LOK81e9H5lr61HlGGHqwA'}], 'available_markets': ['AD', 'AE', 'AG', 'AL', 'AM', 'AO', 'AR', 'AT', 'AU', 'AZ', 'BA', 'BB', 'BD', 'BE', 'BF', 'BG', 'BH', 'BI', 'BJ', 'BN', 'BO', 'BR', 'BS', 'BT', 'BW', 'BY', 'BZ', 'CA', 'CD', 'CG', 'CH', 'CI', 'CL', 'CM', 'CO', 'CR', 'CV', 'CW', 'CY', 'CZ', 'DE', 'DJ', 'DK', 'DM', 'DO', 'DZ', 'EC', 'EE', 'EG', 'ES', 'ET', 'FI', 'FJ', 'FM', 'FR', 'GA', 'GB', 'GD', 'GE', 'GH', 'GM', 'GN', 'GQ', 'GR', 'GT', 'GW', 'GY', 'HK', 'HN', 'HR', 'HT', 'HU', 'ID', 'IE', 'IL', 'IN', 'IQ', 'IS', 'IT', 'JM', 'JO', 'JP', 'KE', 'KG', 'KH', 'KI', 'KM', 'KN', 'KR', 'KW', 'KZ', 'LA', 'LB', 'LC', 'LI', 'LK', 'LR', 'LS', 'LT', 'LU', 'LV', 'LY', 'MA', 'MC', 'MD', 'ME', 'MG', 'MH', 'MK', 'ML', 'MN', 'MO', 'MR', 'MT', 'MU', 'MV', 'MW', 'MX', 'MY', 'MZ', 'NA', 'NE', 'NG', 'NI', 'NL', 'NO', 'NP', 'NR', 'NZ', 'OM', 'PA', 'PE', 'PG', 'PH', 'PK', 'PL', 'PS', 'PT', 'PW', 'PY', 'QA', 'RO', 'RS', 'RW', 'SA', 'SB', 'SC', 'SE', 'SG', 'SI', 'SK', 'SL', 'SM', 'SN', 'SR', 'ST', 'SV', 'SZ', 'TD', 'TG', 'TH', 'TJ', 'TL', 'TN', 'TO', 'TR', 'TT', 'TV', 'TW', 'TZ', 'UA', 'UG', 'US', 'UY', 'UZ', 'VC', 'VE', 'VN', 'VU', 'WS', 'XK', 'ZA', 'ZM', 'ZW'], 'external_urls': {'spotify': 'https://open.spotify.com/album/1Gi6ij4Jxc4qE35i3I0gqS'}, 'href': 'https://api.spotify.com/v1/albums/1Gi6ij4Jxc4qE35i3I0gqS', 'id': '1Gi6ij4Jxc4qE35i3I0gqS', 'images': [{'height': 640, 'url': 'https://i.scdn.co/image/ab67616d0000b27353f126eb16bb3ab5720b0ba7', 'width': 640}, {'height': 300, 'url': 'https://i.scdn.co/image/ab67616d00001e0253f126eb16bb3ab5720b0ba7', 'width': 300}, {'height': 64, 'url': 'https://i.scdn.co/image/ab67616d0000485153f126eb16bb3ab5720b0ba7', 'width': 64}], 'name': 'SHOOTING STAR', 'release_date': '2023-01-25', 'release_date_precision': 'day', 'total_tracks': 2, 'type': 'album', 'uri': 'spotify:album:1Gi6ij4Jxc4qE35i3I0gqS'}","[{'external_urls': {'spotify': 'https://open.spotify.com/artist/0LOK81e9H5lr61HlGGHqwA'}, 'href': 'https://api.spotify.com/v1/artists/0LOK81e9H5lr61HlGGHqwA', 'id': '0LOK81e9H5lr61HlGGHqwA', 'name': 'XG', 'type': 'artist', 'uri': 'spotify:artist:0LOK81e9H5lr61HlGGHqwA'}]","['AR', 'AU', 'AT', 'BE', 'BO', 'BR', 'BG', 'CA', 'CL', 'CO', 'CR', 'CY', 'CZ', 'DK', 'DO', 'DE', 'EC', 'EE', 'SV', 'FI', 'FR', 'GR', 'GT', 'HN', 'HK', 'HU', 'IS', 'IE', 'IT', 'LV', 'LT', 'LU', 'MY', 'MT', 'MX', 'NL', 'NZ', 'NI', 'NO', 'PA', 'PY', 'PE', 'PH', 'PL', 'PT', 'SG', 'SK', 'ES', 'SE', 'CH', 'TW', 'TR', 'UY', 'US', 'GB', 'AD', 'LI', 'MC', 'ID', 'JP', 'TH', 'VN', 'RO', 'IL', 'ZA', 'SA', 'AE', 'BH', 'QA', 'OM', 'KW', 'EG', 'MA', 'DZ', 'TN', 'LB', 'JO', 'PS', 'IN', 'BY', 'KZ', 'MD', 'UA', 'AL', 'BA', 'HR', 'ME', 'MK', 'RS', 'SI', 'KR', 'BD', 'PK', 'LK', 'GH', 'KE', 'NG', 'TZ', 'UG', 'AG', 'AM', 'BS', 'BB', 'BZ', 'BT', 'BW', 'BF', 'CV', 'CW', 'DM', 'FJ', 'GM', 'GE', 'GD', 'GW', 'GY', 'HT', 'JM', 'KI', 'LS', 'LR', 'MW', 'MV', 'ML', 'MH', 'FM', 'NA', 'NR', 'NE', 'PW', 'PG', 'WS', 'SM', 'ST', 'SN', 'SC', 'SL', 'SB', 'KN', 'LC', 'VC', 'SR', 'TL', 'TO', 'TT', 'TV', 'VU', 'AZ', 'BN', 'BI', 'KH', 'CM', 'TD', 'KM', 'GQ', 'SZ', 'GA', 'GN', 'KG', 'LA', 'MO', 'MR', 'MN', 'NP', 'RW', 'TG', 'UZ', 'ZW', 'BJ', 'MG', 'MU', 'MZ', 'AO', 'CI', 'DJ', 'ZM', 'CD', 'CG', 'IQ', 'LY', 'TJ', 'VE', 'ET', 'XK']",1,203556,False,{'isrc': 'JPB602104597'},{'spotify': 'https://open.spotify.com/track/3IelG5zYpWWCZIH4cqWlPV'},https://api.spotify.com/v1/tracks/3IelG5zYpWWCZIH4cqWlPV,3IelG5zYpWWCZIH4cqWlPV,,,,SHOOTING STAR,82,https://p.scdn.co/mp3-preview/4f29587547fa7807f9536a11df061ade3237bc2d?cid=9d3d158cd29f446b877597f60e60f981,1,track,spotify:track:3IelG5zYpWWCZIH4cqWlPV,False
"{'album_group': 'album', 'album_type': 'album', 'artists': [{'external_urls': {'spotify': 'https://open.spotify.com/artist/2YFBOR9KIxC6WqHclkj9Yq'}, 'href': 'https://api.spotify.com/v1/artists/2YFBOR9KIxC6WqHclkj9Yq', 'id': '2YFBOR9KIxC6WqHclkj9Yq', 'name': 'Keke Palmer', 'type': 'artist', 'uri': 'spotify:artist:2YFBOR9KIxC6WqHclkj9Yq'}], 'available_markets': ['AD', 'AE', 'AG', 'AL', 'AM', 'AO', 'AR', 'AT', 'AU', 'AZ', 'BA', 'BB', 'BD', 'BE', 'BF', 'BG', 'BH', 'BI', 'BJ', 'BN', 'BO', 'BR', 'BS', 'BT', 'BW', 'BY', 'BZ', 'CA', 'CD', 'CG', 'CH', 'CI', 'CL', 'CM', 'CO', 'CR', 'CV', 'CW', 'CY', 'CZ', 'DE', 'DJ', 'DK', 'DM', 'DO', 'DZ', 'EC', 'EE', 'EG', 'ES', 'ET', 'FI', 'FJ', 'FM', 'FR', 'GA', 'GB', 'GD', 'GE', 'GH', 'GM', 'GN', 'GQ', 'GR', 'GT', 'GW', 'GY', 'HK', 'HN', 'HR', 'HT', 'HU', 'ID', 'IE', 'IL', 'IN', 'IQ', 'IS', 'IT', 'JM', 'JO', 'JP', 'KE', 'KG', 'KH', 'KI', 'KM', 'KN', 'KR', 'KW', 'KZ', 'LA', 'LB', 'LC', 'LI', 'LK', 'LR', 'LS', 'LT', 'LU', 'LV', 'LY', 'MA', 'MC', 'MD', 'ME', 'MG', 'MH', 'MK', 'ML', 'MN', 'MO', 'MR', 'MT', 'MU', 'MV', 'MW', 'MX', 'MY', 'MZ', 'NA', 'NE', 'NG', 'NI', 'NL', 'NO', 'NP', 'NR', 'NZ', 'OM', 'PA', 'PE', 'PG', 'PH', 'PK', 'PL', 'PS', 'PT', 'PW', 'PY', 'QA', 'RO', 'RS', 'RW', 'SA', 'SB', 'SC', 'SE', 'SG', 'SI', 'SK', 'SL', 'SM', 'SN', 'SR', 'ST', 'SV', 'SZ', 'TD', 'TG', 'TH', 'TJ', 'TL', 'TN', 'TO', 'TR', 'TT', 'TV', 'TW', 'TZ', 'UA', 'UG', 'US', 'UY', 'UZ', 'VC', 'VE', 'VN', 'VU', 'WS', 'XK', 'ZA', 'ZM', 'ZW'], 'external_urls': {'spotify': 'https://open.spotify.com/album/4hTYaCoN8DjdbkfeM92SWr'}, 'href': 'https://api.spotify.com/v1/albums/4hTYaCoN8DjdbkfeM92SWr', 'id': '4hTYaCoN8DjdbkfeM92SWr', 'images': [{'height': 640, 'url': 'https://i.scdn.co/image/ab67616d0000b273bdd9ac3ebdb149812e845bc2', 'width': 640}, {'height': 300, 'url': 'https://i.scdn.co/image/ab67616d00001e02bdd9ac3ebdb149812e845bc2', 'width': 300}, {'height': 64, 'url': 'https://i.scdn.co/image/ab67616d00004851bdd9ac3ebdb149812e845bc2', 'width': 64}], 'name': 'Virgo Tendencies, Pt. I', 'release_date': '2020-08-28', 'release_date_precision': 'day', 'total_tracks': 12, 'type': 'album', 'uri': 'spotify:album:4hTYaCoN8DjdbkfeM92SWr'}","[{'external_urls': {'spotify': 'https://open.spotify.com/artist/2YFBOR9KIxC6WqHclkj9Yq'}, 'href': 'https://api.spotify.com/v1/artists/2YFBOR9KIxC6WqHclkj9Yq', 'id': '2YFBOR9KIxC6WqHclkj9Yq', 'name': 'Keke Palmer', 'type': 'artist', 'uri': 'spotify:artist:2YFBOR9KIxC6WqHclkj9Yq'}]","['AR', 'AU', 'AT', 'BE', 'BO', 'BR', 'BG', 'CA', 'CL', 'CO', 'CR', 'CY', 'CZ', 'DK', 'DO', 'DE', 'EC', 'EE', 'SV', 'FI', 'FR', 'GR', 'GT', 'HN', 'HK', 'HU', 'IS', 'IE', 'IT', 'LV', 'LT', 'LU', 'MY', 'MT', 'MX', 'NL', 'NZ', 'NI', 'NO', 'PA', 'PY', 'PE', 'PH', 'PL', 'PT', 'SG', 'SK', 'ES', 'SE', 'CH', 'TW', 'TR', 'UY', 'US', 'GB', 'AD', 'LI', 'MC', 'ID', 'JP', 'TH', 'VN', 'RO', 'IL', 'ZA', 'SA', 'AE', 'BH', 'QA', 'OM', 'KW', 'EG', 'MA', 'DZ', 'TN', 'LB', 'JO', 'PS', 'IN', 'BY', 'KZ', 'MD', 'UA', 'AL', 'BA', 'HR', 'ME', 'MK', 'RS', 'SI', 'KR', 'BD', 'PK', 'LK', 'GH', 'KE', 'NG', 'TZ', 'UG', 'AG', 'AM', 'BS', 'BB', 'BZ', 'BT', 'BW', 'BF', 'CV', 'CW', 'DM', 'FJ', 'GM', 'GE', 'GD', 'GW', 'GY', 'HT', 'JM', 'KI', 'LS', 'LR', 'MW', 'MV', 'ML', 'MH', 'FM', 'NA', 'NR', 'NE', 'PW', 'PG', 'WS', 'SM', 'ST', 'SN', 'SC', 'SL', 'SB', 'KN', 'LC', 'VC', 'SR', 'TL', 'TO', 'TT', 'TV', 'VU', 'AZ', 'BN', 'BI', 'KH', 'CM', 'TD', 'KM', 'GQ', 'SZ', 'GA', 'GN', 'KG', 'LA', 'MO', 'MR', 'MN', 'NP', 'RW', 'TG', 'UZ', 'ZW', 'BJ', 'MG', 'MU', 'MZ', 'AO', 'CI', 'DJ', 'ZM', 'CD', 'CG', 'IQ', 'LY', 'TJ', 'VE', 'ET', 'XK']",1,152644,True,{'isrc': 'QZHN52042134'},{'spotify': 'https://open.spotify.com/track/2t3MgQZSfPjMCpCkN9fv9C'},https://api.spotify.com/v1/tracks/2t3MgQZSfPjMCpCkN9fv9C,2t3MgQZSfPjMCpCkN9fv9C,,,,Thick,24,https://p.scdn.co/mp3-preview/9d9d7e6b7fc02fafb02a49d7c7cbc3f4081c90ae?cid=9d3d158cd29f446b877597f60e60f981,9,track,spotify:track:2t3MgQZSfPjMCpCkN9fv9C,False
"{'album_group': 'album', 'album_type': 'album', 'artists': [{'external_urls': {'spotify': 'https://open.spotify.com/artist/6qgnBH6iDM91ipVXv28OMu'}, 'href': 'https://api.spotify.com/v1/artists/6qgnBH6iDM91ipVXv28OMu', 'id': '6qgnBH6iDM91ipVXv28OMu', 'name': 'KAYTRANADA', 'type': 'artist', 'uri': 'spotify:artist:6qgnBH6iDM91ipVXv28OMu'}], 'available_markets': ['AD', 'AE', 'AG', 'AL', 'AM', 'AO', 'AR', 'AT', 'AU', 'AZ', 'BA', 'BB', 'BD', 'BE', 'BF', 'BG', 'BH', 'BI', 'BJ', 'BN', 'BO', 'BR', 'BS', 'BT', 'BW', 'BY', 'BZ', 'CD', 'CG', 'CH', 'CI', 'CL', 'CM', 'CO', 'CR', 'CV', 'CW', 'CY', 'CZ', 'DE', 'DJ', 'DK', 'DM', 'DO', 'DZ', 'EC', 'EE', 'EG', 'ES', 'FI', 'FJ', 'FM', 'FR', 'GA', 'GB', 'GD', 'GE', 'GH', 'GM', 'GN', 'GQ', 'GR', 'GT', 'GW', 'GY', 'HK', 'HN', 'HR', 'HT', 'HU', 'ID', 'IE', 'IL', 'IN', 'IQ', 'IS', 'IT', 'JM', 'JO', 'JP', 'KE', 'KG', 'KH', 'KI', 'KM', 'KN', 'KR', 'KW', 'KZ', 'LA', 'LB', 'LC', 'LI', 'LK', 'LR', 'LS', 'LT', 'LU', 'LV', 'LY', 'MA', 'MC', 'MD', 'ME', 'MG', 'MH', 'MK', 'ML', 'MN', 'MO', 'MR', 'MT', 'MU', 'MV', 'MW', 'MX', 'MY', 'MZ', 'NA', 'NE', 'NG', 'NI', 'NL', 'NO', 'NP', 'NR', 'NZ', 'OM', 'PA', 'PE', 'PG', 'PH', 'PK', 'PL', 'PS', 'PT', 'PW', 'PY', 'QA', 'RO', 'RS', 'RW', 'SA', 'SB', 'SC', 'SE', 'SG', 'SI', 'SK', 'SL', 'SM', 'SN', 'SR', 'ST', 'SV', 'SZ', 'TD', 'TG', 'TH', 'TJ', 'TL', 'TN', 'TO', 'TR', 'TT', 'TV', 'TW', 'TZ', 'UA', 'UG', 'US', 'UY', 'UZ', 'VC', 'VE', 'VN', 'VU', 'WS', 'XK', 'ZA', 'ZM', 'ZW'], 'external_urls': {'spotify': 'https://open.spotify.com/album/5FQ4sOGqRWUA5wO20AwPcO'}, 'href': 'https://api.spotify.com/v1/albums/5FQ4sOGqRWUA5wO20AwPcO', 'id': '5FQ4sOGqRWUA5wO20AwPcO', 'images': [{'height': 640, 'url': 'https://i.scdn.co/image/ab67616d0000b2739b6375bad39943011986c247', 'width': 640}, {'height': 300, 'url': 'https://i.scdn.co/image/ab67616d00001e029b6375bad39943011986c247', 'width': 300}, {'height': 64, 'url': 'https://i.scdn.co/image/ab67616d000048519b6375bad39943011986c247', 'width': 64}], 'name': 'BUBBA', 'release_date': '2019-12-13', 'release_date_precision': 'day', 'total_tracks': 17, 'type': 'album', 'uri': 'spotify:album:5FQ4sOGqRWUA5wO20AwPcO'}","[{'external_urls': {'spotify': 'https://open.spotify.com/artist/6qgnBH6iDM91ipVXv28OMu'}, 'href': 'https://api.spotify.com/v1/artists/6qgnBH6iDM91ipVXv28OMu', 'id': '6qgnBH6iDM91ipVXv28OMu', 'name': 'KAYTRANADA', 'type': 'artist', 'uri': 'spotify:artist:6qgnBH6iDM91ipVXv28OMu'}, {'external_urls': {'spotify': 'https://open.spotify.com/artist/0NIIxcxNHmOoyBx03SfTCD'}, 'href': 'https://api.spotify.com/v1/artists/0NIIxcxNHmOoyBx03SfTCD', 'id': '0NIIxcxNHmOoyBx03SfTCD', 'name': 'Tinashe', 'type': 'artist', 'uri': 'spotify:artist:0NIIxcxNHmOoyBx03SfTCD'}]","['AR', 'AU', 'AT', 'BE', 'BO', 'BR', 'BG', 'CL', 'CO', 'CR', 'CY', 'CZ', 'DK', 'DO', 'DE', 'EC', 'EE', 'SV', 'FI', 'FR', 'GR', 'GT', 'HN', 'HK', 'HU', 'IS', 'IE', 'IT', 'LV', 'LT', 'LU', 'MY', 'MT', 'MX', 'NL', 'NZ', 'NI', 'NO', 'PA', 'PY', 'PE', 'PH', 'PL', 'PT', 'SG', 'SK', 'ES', 'SE', 'CH', 'TW', 'TR', 'UY', 'US', 'GB', 'AD', 'LI', 'MC', 'ID', 'JP', 'TH', 'VN', 'RO', 'IL', 'ZA', 'SA', 'AE', 'BH', 'QA', 'OM', 'KW', 'EG', 'MA', 'DZ', 'TN', 'LB', 'JO', 'PS', 'IN', 'BY', 'KZ', 'MD', 'UA', 'AL', 'BA', 'HR', 'ME', 'MK', 'RS', 'SI', 'KR', 'BD', 'PK', 'LK', 'GH', 'KE', 'NG', 'TZ', 'UG', 'AG', 'AM', 'BS', 'BB', 'BZ', 'BT', 'BW', 'BF', 'CV', 'CW', 'DM', 'FJ', 'GM', 'GE', 'GD', 'GW', 'GY', 'HT', 'JM', 'KI', 'LS', 'LR', 'MW', 'MV', 'ML', 'MH', 'FM', 'NA', 'NR', 'NE', 'PW', 'PG', 'WS', 'SM', 'ST', 'SN', 'SC', 'SL', 'SB', 'KN', 'LC', 'VC', 'SR', 'TL', 'TO', 'TT', 'TV', 'VU', 'AZ', 'BN', 'BI', 'KH', 'CM', 'TD', 'KM', 'GQ', 'SZ', 'GA', 'GN', 'KG', 'LA', 'MO', 'MR', 'MN', 'NP', 'RW', 'TG', 'UZ', 'ZW', 'BJ', 'MG', 'MU', 'MZ', 'AO', 'CI', 'DJ', 'ZM', 'CD', 'CG', 'IQ', 'LY', 'TJ', 'VE', 'ET', 'XK']",1,226720,True,{'isrc': 'USRC11903733'},{'spotify': 'https://open.spotify.com/track/4cOVTA2GfYTHw99AJDQpHo'},https://api.spotify.com/v1/tracks/4cOVTA2GfYTHw99AJDQpHo,4cOVTA2GfYTHw99AJDQpHo,,,,The Worst In Me,59,https://p.scdn.co/mp3-preview/4e93eae06db7444f8a58dc0334fdb89208c5ff6c?cid=9d3d158cd29f446b877597f60e60f981,15,track,spotify:track:4cOVTA2GfYTHw99AJDQpHo,False
"{'album_group': 'single', 'album_type': 'single', 'artists': [{'external_urls': {'spotify': 'https://open.spotify.com/artist/4lyCoxLN0aW7nJy5rec0tG'}, 'href': 'https://api.spotify.com/v1/artists/4lyCoxLN0aW7nJy5rec0tG', 'id': '4lyCoxLN0aW7nJy5rec0tG', 'name': 'daine', 'type': 'artist', 'uri': 'spotify:artist:4lyCoxLN0aW7nJy5rec0tG'}], 'available_markets': ['AD', 'AE', 'AG', 'AL', 'AM', 'AO', 'AR', 'AT', 'AU', 'AZ', 'BA', 'BB', 'BD', 'BE', 'BF', 'BG', 'BH', 'BI', 'BJ', 'BN', 'BO', 'BR', 'BS', 'BT', 'BW', 'BZ', 'CA', 'CD', 'CG', 'CH', 'CI', 'CL', 'CM', 'CO', 'CR', 'CV', 'CW', 'CY', 'CZ', 'DE', 'DJ', 'DK', 'DM', 'DO', 'DZ', 'EC', 'EE', 'EG', 'ES', 'FI', 'FJ', 'FM', 'FR', 'GA', 'GB', 'GD', 'GE', 'GH', 'GM', 'GN', 'GQ', 'GR', 'GT', 'GW', 'GY', 'HK', 'HN', 'HR', 'HT', 'HU', 'ID', 'IE', 'IL', 'IN', 'IQ', 'IS', 'IT', 'JM', 'JO', 'JP', 'KE', 'KG', 'KH', 'KI', 'KM', 'KN', 'KR', 'KW', 'KZ', 'LA', 'LB', 'LC', 'LI', 'LK', 'LR', 'LS', 'LT', 'LU', 'LV', 'LY', 'MA', 'MC', 'MD', 'ME', 'MG', 'MH', 'MK', 'ML', 'MN', 'MO', 'MR', 'MT', 'MU', 'MV', 'MW', 'MX', 'MY', 'MZ', 'NA', 'NE', 'NG', 'NI', 'NL', 'NO', 'NP', 'NR', 'NZ', 'OM', 'PA', 'PE', 'PG', 'PH', 'PK', 'PL', 'PS', 'PT', 'PW', 'PY', 'QA', 'RO', 'RS', 'RW', 'SA', 'SB', 'SC', 'SE', 'SG', 'SI', 'SK', 'SL', 'SM', 'SN', 'SR', 'ST', 'SV', 'SZ', 'TD', 'TG', 'TH', 'TJ', 'TL', 'TN', 'TO', 'TR', 'TT', 'TV', 'TW', 'TZ', 'UA', 'UG', 'US', 'UY', 'UZ', 'VC', 'VE', 'VN', 'VU', 'WS', 'XK', 'ZA', 'ZM', 'ZW'], 'external_urls': {'spotify': 'https://open.spotify.com/album/4x1k1941BX8jNrxhiI9QYv'}, 'href': 'https://api.spotify.com/v1/albums/4x1k1941BX8jNrxhiI9QYv', 'id': '4x1k1941BX8jNrxhiI9QYv', 'images': [{'height': 640, 'url': 'https://i.scdn.co/image/ab67616d0000b2734649b53a72ff935519417f65', 'width': 640}, {'height': 300, 'url': 'https://i.scdn.co/image/ab67616d00001e024649b53a72ff935519417f65', 'width': 300}, {'height': 64, 'url': 'https://i.scdn.co/image/ab67616d000048514649b53a72ff935519417f65', 'width': 64}], 'name': 'boythots', 'release_date': '2022-08-11', 'release_date_precision': 'day', 'total_tracks': 1, 'type': 'album', 'uri': 'spotify:album:4x1k1941BX8jNrxhiI9QYv'}","[{'external_urls': {'spotify': 'https://open.spotify.com/artist/4lyCoxLN0aW7nJy5rec0tG'}, 'href': 'https://api.spotify.com/v1/artists/4lyCoxLN0aW7nJy5rec0tG', 'id': '4lyCoxLN0aW7nJy5rec0tG', 'name': 'daine', 'type': 'artist', 'uri': 'spotify:artist:4lyCoxLN0aW7nJy5rec0tG'}]","['AR', 'AU', 'AT', 'BE', 'BO', 'BR', 'BG', 'CA', 'CL', 'CO', 'CR', 'CY', 'CZ', 'DK', 'DO', 'DE', 'EC', 'EE', 'SV', 'FI', 'FR', 'GR', 'GT', 'HN', 'HK', 'HU', 'IS', 'IE', 'IT', 'LV', 'LT', 'LU', 'MY', 'MT', 'MX', 'NL', 'NZ', 'NI', 'NO', 'PA', 'PY', 'PE', 'PH', 'PL', 'PT', 'SG', 'SK', 'ES', 'SE', 'CH', 'TW', 'TR', 'UY', 'US', 'GB', 'AD', 'LI', 'MC', 'ID', 'JP', 'TH', 'VN', 'RO', 'IL', 'ZA', 'SA', 'AE', 'BH', 'QA', 'OM', 'KW', 'EG', 'MA', 'DZ', 'TN', 'LB', 'JO', 'PS', 'IN', 'KZ', 'MD', 'UA', 'AL', 'BA', 'HR', 'ME', 'MK', 'RS', 'SI', 'KR', 'BD', 'PK', 'LK', 'GH', 'KE', 'NG', 'TZ', 'UG', 'AG', 'AM', 'BS', 'BB', 'BZ', 'BT', 'BW', 'BF', 'CV', 'CW', 'DM', 'FJ', 'GM', 'GE', 'GD', 'GW', 'GY', 'HT', 'JM', 'KI', 'LS', 'LR', 'MW', 'MV', 'ML', 'MH', 'FM', 'NA', 'NR', 'NE', 'PW', 'PG', 'WS', 'SM', 'ST', 'SN', 'SC', 'SL', 'SB', 'KN', 'LC', 'VC', 'SR', 'TL', 'TO', 'TT', 'TV', 'VU', 'AZ', 'BN', 'BI', 'KH', 'CM', 'TD', 'KM', 'GQ', 'SZ', 'GA', 'GN', 'KG', 'LA', 'MO', 'MR', 'MN', 'NP', 'RW', 'TG', 'UZ', 'ZW', 'BJ', 'MG', 'MU', 'MZ', 'AO', 'CI', 'DJ', 'ZM', 'CD', 'CG', 'IQ', 'LY', 'TJ', 'VE', 'ET', 'XK']",1,137844,True,{'isrc': 'AUWA02201128'},{'spotify': 'https://open.spotify.com/track/57miWCpd7kX78sbys9uWRg'},https://api.spotify.com/v1/tracks/57miWCpd7kX78sbys9uWRg,57miWCpd7kX78sbys9uWRg,,,,boythots,46,https://p.scdn.co/mp3-preview/e8f6dd670e9afb84890615cffe6a4a2c4bd8d366?cid=9d3d158cd29f446b877597f60e60f981,1,track,spotify:track:57miWCpd7kX78sbys9uWRg,False
"{'album_group': 'single', 'album_type': 'single', 'artists': [{'external_urls': {'spotify': 'https://open.spotify.com/artist/5TnQc2N1iKlFjYD7CPGvFc'}, 'href': 'https://api.spotify.com/v1/artists/5TnQc2N1iKlFjYD7CPGvFc', 'id': '5TnQc2N1iKlFjYD7CPGvFc', 'name': 'DAY6', 'type': 'artist', 'uri': 'spotify:artist:5TnQc2N1iKlFjYD7CPGvFc'}], 'available_markets': ['AD', 'AE', 'AG', 'AL', 'AM', 'AO', 'AR', 'AT', 'AU', 'AZ', 'BA', 'BB', 'BD', 'BE', 'BF', 'BG', 'BH', 'BI', 'BJ', 'BN', 'BO', 'BR', 'BS', 'BT', 'BW', 'BY', 'BZ', 'CA', 'CD', 'CG', 'CH', 'CI', 'CL', 'CM', 'CO', 'CR', 'CV', 'CW', 'CY', 'CZ', 'DE', 'DJ', 'DK', 'DM', 'DO', 'DZ', 'EC', 'EE', 'EG', 'ES', 'ET', 'FI', 'FJ', 'FM', 'FR', 'GA', 'GB', 'GD', 'GE', 'GH', 'GM', 'GN', 'GQ', 'GR', 'GT', 'GW', 'GY', 'HK', 'HN', 'HR', 'HT', 'HU', 'ID', 'IE', 'IL', 'IN', 'IQ', 'IS', 'IT', 'JM', 'JO', 'KE', 'KG', 'KH', 'KI', 'KM', 'KN', 'KW', 'KZ', 'LA', 'LB', 'LC', 'LI', 'LK', 'LR', 'LS', 'LT', 'LU', 'LV', 'LY', 'MA', 'MC', 'MD', 'ME', 'MG', 'MH', 'MK', 'ML', 'MN', 'MO', 'MR', 'MT', 'MU', 'MV', 'MW', 'MX', 'MY', 'MZ', 'NA', 'NE', 'NG', 'NI', 'NL', 'NO', 'NP', 'NR', 'NZ', 'OM', 'PA', 'PE', 'PG', 'PH', 'PK', 'PL', 'PS', 'PT', 'PW', 'PY', 'QA', 'RO', 'RS', 'RW', 'SA', 'SB', 'SC', 'SE', 'SG', 'SI', 'SK', 'SL', 'SM', 'SN', 'SR', 'ST', 'SV', 'SZ', 'TD', 'TG', 'TH', 'TJ', 'TL', 'TN', 'TO', 'TR', 'TT', 'TV', 'TW', 'TZ', 'UA', 'UG', 'US', 'UY', 'UZ', 'VC', 'VE', 'VN', 'VU', 'WS', 'XK', 'ZA', 'ZM', 'ZW'], 'external_urls': {'spotify': 'https://open.spotify.com/album/6FShBZFJ2H6OEIXOrhcX6L'}, 'href': 'https://api.spotify.com/v1/albums/6FShBZFJ2H6OEIXOrhcX6L', 'id': '6FShBZFJ2H6OEIXOrhcX6L', 'images': [{'height': 640, 'url': 'https://i.scdn.co/image/ab67616d0000b273a71d816b81755a0483270daf', 'width': 640}, {'height': 300, 'url': 'https://i.scdn.co/image/ab67616d00001e02a71d816b81755a0483270daf', 'width': 300}, {'height': 64, 'url': 'https://i.scdn.co/image/ab67616d00004851a71d816b81755a0483270daf', 'width': 64}], 'name': 'DAYDREAM', 'release_date': '2016-03-30', 'release_date_precision': 'day', 'total_tracks': 6, 'type': 'album', 'uri': 'spotify:album:6FShBZFJ2H6OEIXOrhcX6L'}","[{'external_urls': {'spotify': 'https://open.spotify.com/artist/5TnQc2N1iKlFjYD7CPGvFc'}, 'href': 'https://api.spotify.com/v1/artists/5TnQc2N1iKlFjYD7CPGvFc', 'id': '5TnQc2N1iKlFjYD7CPGvFc', 'name': 'DAY6', 'type': 'artist', 'uri': 'spotify:artist:5TnQc2N1iKlFjYD7CPGvFc'}]","['AR', 'AU', 'AT', 'BE', 'BO', 'BR', 'BG', 'CA', 'CL', 'CO', 'CR', 'CY', 'CZ', 'DK', 'DO', 'DE', 'EC', 'EE', 'SV', 'FI', 'FR', 'GR', 'GT', 'HN', 'HK', 'HU', 'IS', 'IE', 'IT', 'LV', 'LT', 'LU', 'MY', 'MT', 'MX', 'NL', 'NZ', 'NI', 'NO', 'PA', 'PY', 'PE', 'PH', 'PL', 'PT', 'SG', 'SK', 'ES', 'SE', 'CH', 'TW', 'TR', 'UY', 'US', 'GB', 'AD', 'LI', 'MC', 'ID', 'TH', 'VN', 'RO', 'IL', 'ZA', 'SA', 'AE', 'BH', 'QA', 'OM', 'KW', 'EG', 'MA', 'DZ', 'TN', 'LB', 'JO', 'PS', 'IN', 'BY', 'KZ', 'MD', 'UA', 'AL', 'BA', 'HR', 'ME', 'MK', 'RS', 'SI', 'BD', 'PK', 'LK', 'GH', 'KE', 'NG', 'TZ', 'UG', 'AG', 'AM', 'BS', 'BB', 'BZ', 'BT', 'BW', 'BF', 'CV', 'CW', 'DM', 'FJ', 'GM', 'GE', 'GD', 'GW', 'GY', 'HT', 'JM', 'KI', 'LS', 'LR', 'MW', 'MV', 'ML', 'MH', 'FM', 'NA', 'NR', 'NE', 'PW', 'PG', 'WS', 'SM', 'ST', 'SN', 'SC', 'SL', 'SB', 'KN', 'LC', 'VC', 'SR', 'TL', 'TO', 'TT', 'TV', 'VU', 'AZ', 'BN', 'BI', 'KH', 'CM', 'TD', 'KM', 'GQ', 'SZ', 'GA', 'GN', 'KG', 'LA', 'MO', 'MR', 'MN', 'NP', 'RW', 'TG', 'UZ', 'ZW', 'BJ', 'MG', 'MU', 'MZ', 'AO', 'CI', 'DJ', 'ZM', 'CD', 'CG', 'IQ', 'LY', 'TJ', 'VE', 'ET', 'XK']",1,208563,False,{'isrc': 'US5TA1600013'},{'spotify': 'https://open.spotify.com/track/64taO3qA7tfVsAcY4eTxdv'},https://api.spotify.com/v1/tracks/64taO3qA7tfVsAcY4eTxdv,64taO3qA7tfVsAcY4eTxdv,,,,Blood,41,https://p.scdn.co/mp3-preview/d3445314096a2955b52482aacf9d3aa9778b1230?cid=9d3d158cd29f446b877597f60e60f981,2,track,spotify:track:64taO3qA7tfVsAcY4eTxdv,False
"{'album_group': 'single', 'album_type': 'single', 'artists': [{'external_urls': {'spotify': 'https://open.spotify.com/artist/3mIj9lX2MWuHmhNCA7LSCW'}, 'href': 'https://api.spotify.com/v1/artists/3mIj9lX2MWuHmhNCA7LSCW', 'id': '3mIj9lX2MWuHmhNCA7LSCW', 'name': 'The 1975', 'type': 'artist', 'uri': 'spotify:artist:3mIj9lX2MWuHmhNCA7LSCW'}], 'available_markets': ['AD', 'AE', 'AG', 'AL', 'AM', 'AO', 'AR', 'AT', 'AU', 'AZ', 'BA', 'BB', 'BD', 'BE', 'BF', 'BG', 'BH', 'BI', 'BJ', 'BN', 'BO', 'BR', 'BS', 'BT', 'BW', 'BY', 'BZ', 'CA', 'CD', 'CG', 'CH', 'CI', 'CL', 'CM', 'CO', 'CR', 'CV', 'CW', 'CY', 'CZ', 'DE', 'DJ', 'DK', 'DM', 'DO', 'DZ', 'EC', 'EE', 'EG', 'ES', 'FI', 'FJ', 'FM', 'FR', 'GA', 'GB', 'GD', 'GE', 'GH', 'GM', 'GN', 'GQ', 'GR', 'GT', 'GW', 'GY', 'HK', 'HN', 'HR', 'HT', 'HU', 'ID', 'IE', 'IL', 'IN', 'IQ', 'IS', 'IT', 'JM', 'JO', 'JP', 'KE', 'KG', 'KH', 'KI', 'KM', 'KN', 'KR', 'KW', 'KZ', 'LA', 'LB', 'LC', 'LI', 'LK', 'LR', 'LS', 'LT', 'LU', 'LV', 'LY', 'MA', 'MC', 'MD', 'ME', 'MG', 'MH', 'MK', 'ML', 'MN', 'MO', 'MR', 'MT', 'MU', 'MV', 'MW', 'MX', 'MY', 'MZ', 'NA', 'NE', 'NG', 'NI', 'NL', 'NO', 'NP', 'NR', 'NZ', 'OM', 'PA', 'PE', 'PG', 'PH', 'PK', 'PL', 'PS', 'PT', 'PW', 'PY', 'QA', 'RO', 'RS', 'RW', 'SA', 'SB', 'SC', 'SE', 'SG', 'SI', 'SK', 'SL', 'SM', 'SN', 'SR', 'ST', 'SV', 'SZ', 'TD', 'TG', 'TH', 'TJ', 'TL', 'TN', 'TO', 'TR', 'TT', 'TV', 'TW', 'TZ', 'UA', 'UG', 'US', 'UY', 'UZ', 'VC', 'VE', 'VN', 'VU', 'WS', 'XK', 'ZA', 'ZM', 'ZW'], 'external_urls': {'spotify': 'https://open.spotify.com/album/3TI3FFFz3hKQfsL0izZ8JS'}, 'href': 'https://api.spotify.com/v1/albums/3TI3FFFz3hKQfsL0izZ8JS', 'id': '3TI3FFFz3hKQfsL0izZ8JS', 'images': [{'height': 640, 'url': 'https://i.scdn.co/image/ab67616d0000b27398551386d3d790a830bc24b8', 'width': 640}, {'height': 300, 'url': 'https://i.scdn.co/image/ab67616d00001e0298551386d3d790a830bc24b8', 'width': 300}, {'height': 64, 'url': 'https://i.scdn.co/image/ab67616d0000485198551386d3d790a830bc24b8', 'width': 64}], 'name': ""I'm In Love With You"", 'release_date': '2022-09-01', 'release_date_precision': 'day', 'total_tracks': 1, 'type': 'album', 'uri': 'spotify:album:3TI3FFFz3hKQfsL0izZ8JS'}","[{'external_urls': {'spotify': 'https://open.spotify.com/artist/3mIj9lX2MWuHmhNCA7LSCW'}, 'href': 'https://api.spotify.com/v1/artists/3mIj9lX2MWuHmhNCA7LSCW', 'id': '3mIj9lX2MWuHmhNCA7LSCW', 'name': 'The 1975', 'type': 'artist', 'uri': 'spotify:artist:3mIj9lX2MWuHmhNCA7LSCW'}]","['AR', 'AU', 'AT', 'BE', 'BO', 'BR', 'BG', 'CA', 'CL', 'CO', 'CR', 'CY', 'CZ', 'DK', 'DO', 'DE', 'EC', 'EE', 'SV', 'FI', 'FR', 'GR', 'GT', 'HN', 'HK', 'HU', 'IS', 'IE', 'IT', 'LV', 'LT', 'LU', 'MY', 'MT', 'MX', 'NL', 'NZ', 'NI', 'NO', 'PA', 'PY', 'PE', 'PH', 'PL', 'PT', 'SG', 'SK', 'ES', 'SE', 'CH', 'TW', 'TR', 'UY', 'US', 'GB', 'AD', 'LI', 'MC', 'ID', 'JP', 'TH', 'VN', 'RO', 'IL', 'ZA', 'SA', 'AE', 'BH', 'QA', 'OM', 'KW', 'EG', 'MA', 'DZ', 'TN', 'LB', 'JO', 'PS', 'IN', 'BY', 'KZ', 'MD', 'UA', 'AL', 'BA', 'HR', 'ME', 'MK', 'RS', 'SI', 'KR', 'BD', 'PK', 'LK', 'GH', 'KE', 'NG', 'TZ', 'UG', 'AG', 'AM', 'BS', 'BB', 'BZ', 'BT', 'BW', 'BF', 'CV', 'CW', 'DM', 'FJ', 'GM', 'GE', 'GD', 'GW', 'GY', 'HT', 'JM', 'KI', 'LS', 'LR', 'MW', 'MV', 'ML', 'MH', 'FM', 'NA', 'NR', 'NE', 'PW', 'PG', 'WS', 'SM', 'ST', 'SN', 'SC', 'SL', 'SB', 'KN', 'LC', 'VC', 'SR', 'TL', 'TO', 'TT', 'TV', 'VU', 'AZ', 'BN', 'BI', 'KH', 'CM', 'TD', 'KM', 'GQ', 'SZ', 'GA', 'GN', 'KG', 'LA', 'MO', 'MR', 'MN', 'NP', 'RW', 'TG', 'UZ', 'ZW', 'BJ', 'MG', 'MU', 'MZ', 'AO', 'CI', 'DJ', 'ZM', 'CD', 'CG', 'IQ', 'LY', 'TJ', 'VE', 'ET', 'XK']",1,262623,True,{'isrc': 'GBK3W2202317'},{'spotify': 'https://open.spotify.com/track/0uBdQzKghx88d2Lp8SLFKJ'},https://api.spotify.com/v1/tracks/0uBdQzKghx88d2Lp8SLFKJ,0uBdQzKghx88d2Lp8SLFKJ,,,,I'm In Love With You,68,https://p.scdn.co/mp3-preview/e0de4f9728f557fea2705124bf316072c5bc1578?cid=9d3d158cd29f446b877597f60e60f981,1,track,spotify:track:0uBdQzKghx88d2Lp8SLFKJ,False
"{'album_group': 'album', 'album_type': 'album', 'artists': [{'external_urls': {'spotify': 'https://open.spotify.com/artist/7f4ignuCJhLXfZ9giKT7rH'}, 'href': 'https://api.spotify.com/v1/artists/7f4ignuCJhLXfZ9giKT7rH', 'id': '7f4ignuCJhLXfZ9giKT7rH', 'name': 'NCT 127', 'type': 'artist', 'uri': 'spotify:artist:7f4ignuCJhLXfZ9giKT7rH'}], 'available_markets': ['AD', 'AE', 'AG', 'AL', 'AM', 'AO', 'AR', 'AT', 'AU', 'AZ', 'BA', 'BB', 'BD', 'BE', 'BF', 'BG', 'BH', 'BI', 'BJ', 'BN', 'BO', 'BR', 'BS', 'BT', 'BW', 'BY', 'BZ', 'CA', 'CD', 'CG', 'CH', 'CI', 'CL', 'CM', 'CO', 'CR', 'CV', 'CW', 'CY', 'CZ', 'DE', 'DJ', 'DK', 'DM', 'DO', 'DZ', 'EC', 'EE', 'EG', 'ES', 'ET', 'FI', 'FJ', 'FM', 'FR', 'GA', 'GB', 'GD', 'GE', 'GH', 'GM', 'GN', 'GQ', 'GR', 'GT', 'GW', 'GY', 'HK', 'HN', 'HR', 'HT', 'HU', 'ID', 'IE', 'IL', 'IN', 'IQ', 'IS', 'IT', 'JM', 'JO', 'JP', 'KE', 'KG', 'KH', 'KI', 'KM', 'KN', 'KR', 'KW', 'KZ', 'LA', 'LB', 'LC', 'LI', 'LK', 'LR', 'LS', 'LT', 'LU', 'LV', 'LY', 'MA', 'MC', 'MD', 'ME', 'MG', 'MH', 'MK', 'ML', 'MN', 'MO', 'MR', 'MT', 'MU', 'MV', 'MW', 'MX', 'MY', 'MZ', 'NA', 'NE', 'NG', 'NI', 'NL', 'NO', 'NP', 'NR', 'NZ', 'OM', 'PA', 'PE', 'PG', 'PH', 'PK', 'PL', 'PS', 'PT', 'PW', 'PY', 'QA', 'RO', 'RS', 'RW', 'SA', 'SB', 'SC', 'SE', 'SG', 'SI', 'SK', 'SL', 'SM', 'SN', 'SR', 'ST', 'SV', 'SZ', 'TD', 'TG', 'TH', 'TJ', 'TL', 'TN', 'TO', 'TR', 'TT', 'TV', 'TW', 'TZ', 'UA', 'UG', 'US', 'UY', 'UZ', 'VC', 'VE', 'VN', 'VU', 'WS', 'XK', 'ZA', 'ZM', 'ZW'], 'external_urls': {'spotify': 'https://open.spotify.com/album/7H5FkCA6cTDBX3wtvIbN8s'}, 'href': 'https://api.spotify.com/v1/albums/7H5FkCA6cTDBX3wtvIbN8s', 'id': '7H5FkCA6cTDBX3wtvIbN8s', 'images': [{'height': 640, 'url': 'https://i.scdn.co/image/ab67616d0000b2738d47b664117ca39e7b1acfc9', 'width': 640}, {'height': 300, 'url': 'https://i.scdn.co/image/ab67616d00001e028d47b664117ca39e7b1acfc9', 'width': 300}, {'height': 64, 'url': 'https://i.scdn.co/image/ab67616d000048518d47b664117ca39e7b1acfc9', 'width': 64}], 'name': 'NCT #127 CHERRY BOMB The 3rd Mini Album', 'release_date': '2017-06-14', 'release_date_precision': 'day', 'total_tracks': 7, 'type': 'album', 'uri': 'spotify:album:7H5FkCA6cTDBX3wtvIbN8s'}","[{'external_urls': {'spotify': 'https://open.spotify.com/artist/7f4ignuCJhLXfZ9giKT7rH'}, 'href': 'https://api.spotify.com/v1/artists/7f4ignuCJhLXfZ9giKT7rH', 'id': '7f4ignuCJhLXfZ9giKT7rH', 'name': 'NCT 127', 'type': 'artist', 'uri': 'spotify:artist:7f4ignuCJhLXfZ9giKT7rH'}]","['AR', 'AU', 'AT', 'BE', 'BO', 'BR', 'BG', 'CA', 'CL', 'CO', 'CR', 'CY', 'CZ', 'DK', 'DO', 'DE', 'EC', 'EE', 'SV', 'FI', 'FR', 'GR', 'GT', 'HN', 'HK', 'HU', 'IS', 'IE', 'IT', 'LV', 'LT', 'LU', 'MY', 'MT', 'MX', 'NL', 'NZ', 'NI', 'NO', 'PA', 'PY', 'PE', 'PH', 'PL', 'PT', 'SG', 'SK', 'ES', 'SE', 'CH', 'TW', 'TR', 'UY', 'US', 'GB', 'AD', 'LI', 'MC', 'ID', 'JP', 'TH', 'VN', 'RO', 'IL', 'ZA', 'SA', 'AE', 'BH', 'QA', 'OM', 'KW', 'EG', 'MA', 'DZ', 'TN', 'LB', 'JO', 'PS', 'IN', 'BY', 'KZ', 'MD', 'UA', 'AL', 'BA', 'HR', 'ME', 'MK', 'RS', 'SI', 'KR', 'BD', 'PK', 'LK', 'GH', 'KE', 'NG', 'TZ', 'UG', 'AG', 'AM', 'BS', 'BB', 'BZ', 'BT', 'BW', 'BF', 'CV', 'CW', 'DM', 'FJ', 'GM', 'GE', 'GD', 'GW', 'GY', 'HT', 'JM', 'KI', 'LS', 'LR', 'MW', 'MV', 'ML', 'MH', 'FM', 'NA', 'NR', 'NE', 'PW', 'PG', 'WS', 'SM', 'ST', 'SN', 'SC', 'SL', 'SB', 'KN', 'LC', 'VC', 'SR', 'TL', 'TO', 'TT', 'TV', 'VU', 'AZ', 'BN', 'BI', 'KH', 'CM', 'TD', 'KM', 'GQ', 'SZ', 'GA', 'GN', 'KG', 'LA', 'MO', 'MR', 'MN', 'NP', 'RW', 'TG', 'UZ', 'ZW', 'BJ', 'MG', 'MU', 'MZ', 'AO', 'CI', 'DJ', 'ZM', 'CD', 'CG', 'IQ', 'LY', 'TJ', 'VE', 'ET', 'XK']",1,217697,False,{'isrc': 'KRA301700243'},{'spotify': 'https://open.spotify.com/track/7tQTOyhv9BAjKoMoegHncb'},https://api.spotify.com/v1/tracks/7tQTOyhv9BAjKoMoegHncb,7tQTOyhv9BAjKoMoegHncb,,,,Summer 127,52,https://p.scdn.co/mp3-preview/13fafb3661e1756c85e1b0a8cae2dafb24b28608?cid=9d3d158cd29f446b877597f60e60f981,6,track,spotify:track:7tQTOyhv9BAjKoMoegHncb,False
"{'album_group': 'single', 'album_type': 'single', 'artists': [{'external_urls': {'spotify': 'https://open.spotify.com/artist/6fs2or0cKLEM2xohWq8SoX'}, 'href': 'https://api.spotify.com/v1/artists/6fs2or0cKLEM2xohWq8SoX', 'id': '6fs2or0cKLEM2xohWq8SoX', 'name': 'Lexie Liu', 'type': 'artist', 'uri': 'spotify:artist:6fs2or0cKLEM2xohWq8SoX'}], 'available_markets': ['AD', 'AE', 'AG', 'AL', 'AM', 'AO', 'AR', 'AT', 'AU', 'AZ', 'BA', 'BB', 'BD', 'BE', 'BF', 'BG', 'BH', 'BI', 'BJ', 'BN', 'BO', 'BR', 'BS', 'BT', 'BW', 'BY', 'BZ', 'CA', 'CD', 'CG', 'CH', 'CI', 'CL', 'CM', 'CO', 'CR', 'CV', 'CW', 'CY', 'CZ', 'DE', 'DJ', 'DK', 'DM', 'DO', 'DZ', 'EC', 'EE', 'EG', 'ES', 'FI', 'FJ', 'FM', 'FR', 'GA', 'GB', 'GD', 'GE', 'GH', 'GM', 'GN', 'GQ', 'GR', 'GT', 'GW', 'GY', 'HK', 'HN', 'HR', 'HT', 'HU', 'ID', 'IE', 'IL', 'IN', 'IQ', 'IS', 'IT', 'JM', 'JO', 'JP', 'KE', 'KG', 'KH', 'KI', 'KM', 'KN', 'KR', 'KW', 'KZ', 'LA', 'LB', 'LC', 'LI', 'LK', 'LR', 'LS', 'LT', 'LU', 'LV', 'LY', 'MA', 'MC', 'MD', 'ME', 'MG', 'MH', 'MK', 'ML', 'MN', 'MO', 'MR', 'MT', 'MU', 'MV', 'MW', 'MX', 'MY', 'MZ', 'NA', 'NE', 'NG', 'NI', 'NL', 'NO', 'NP', 'NR', 'NZ', 'OM', 'PA', 'PE', 'PG', 'PH', 'PK', 'PL', 'PS', 'PT', 'PW', 'PY', 'QA', 'RO', 'RS', 'RW', 'SA', 'SB', 'SC', 'SE', 'SG', 'SI', 'SK', 'SL', 'SM', 'SN', 'SR', 'ST', 'SV', 'SZ', 'TD', 'TG', 'TH', 'TJ', 'TL', 'TN', 'TO', 'TR', 'TT', 'TV', 'TW', 'TZ', 'UA', 'UG', 'US', 'UY', 'UZ', 'VC', 'VE', 'VN', 'VU', 'WS', 'XK', 'ZA', 'ZM', 'ZW'], 'external_urls': {'spotify': 'https://open.spotify.com/album/48eUwPWSD6h7xWafjPCKId'}, 'href': 'https://api.spotify.com/v1/albums/48eUwPWSD6h7xWafjPCKId', 'id': '48eUwPWSD6h7xWafjPCKId', 'images': [{'height': 640, 'url': 'https://i.scdn.co/image/ab67616d0000b27312058536904dc852f5d8c545', 'width': 640}, {'height': 300, 'url': 'https://i.scdn.co/image/ab67616d00001e0212058536904dc852f5d8c545', 'width': 300}, {'height': 64, 'url': 'https://i.scdn.co/image/ab67616d0000485112058536904dc852f5d8c545', 'width': 64}], 'name': 'MAGICIAN', 'release_date': '2022-11-29', 'release_date_precision': 'day', 'total_tracks': 1, 'type': 'album', 'uri': 'spotify:album:48eUwPWSD6h7xWafjPCKId'}","[{'external_urls': {'spotify': 'https://open.spotify.com/artist/6fs2or0cKLEM2xohWq8SoX'}, 'href': 'https://api.spotify.com/v1/artists/6fs2or0cKLEM2xohWq8SoX', 'id': '6fs2or0cKLEM2xohWq8SoX', 'name': 'Lexie Liu', 'type': 'artist', 'uri': 'spotify:artist:6fs2or0cKLEM2xohWq8SoX'}]","['AR', 'AU', 'AT', 'BE', 'BO', 'BR', 'BG', 'CA', 'CL', 'CO', 'CR', 'CY', 'CZ', 'DK', 'DO', 'DE', 'EC', 'EE', 'SV', 'FI', 'FR', 'GR', 'GT', 'HN', 'HK', 'HU', 'IS', 'IE', 'IT', 'LV', 'LT', 'LU', 'MY', 'MT', 'MX', 'NL', 'NZ', 'NI', 'NO', 'PA', 'PY', 'PE', 'PH', 'PL', 'PT', 'SG', 'SK', 'ES', 'SE', 'CH', 'TW', 'TR', 'UY', 'US', 'GB', 'AD', 'LI', 'MC', 'ID', 'JP', 'TH', 'VN', 'RO', 'IL', 'ZA', 'SA', 'AE', 'BH', 'QA', 'OM', 'KW', 'EG', 'MA', 'DZ', 'TN', 'LB', 'JO', 'PS', 'IN', 'BY', 'KZ', 'MD', 'UA', 'AL', 'BA', 'HR', 'ME', 'MK', 'RS', 'SI', 'KR', 'BD', 'PK', 'LK', 'GH', 'KE', 'NG', 'TZ', 'UG', 'AG', 'AM', 'BS', 'BB', 'BZ', 'BT', 'BW', 'BF', 'CV', 'CW', 'DM', 'FJ', 'GM', 'GE', 'GD', 'GW', 'GY', 'HT', 'JM', 'KI', 'LS', 'LR', 'MW', 'MV', 'ML', 'MH', 'FM', 'NA', 'NR', 'NE', 'PW', 'PG', 'WS', 'SM', 'ST', 'SN', 'SC', 'SL', 'SB', 'KN', 'LC', 'VC', 'SR', 'TL', 'TO', 'TT', 'TV', 'VU', 'AZ', 'BN', 'BI', 'KH', 'CM', 'TD', 'KM', 'GQ', 'SZ', 'GA', 'GN', 'KG', 'LA', 'MO', 'MR', 'MN', 'NP', 'RW', 'TG', 'UZ', 'ZW', 'BJ', 'MG', 'MU', 'MZ', 'AO', 'CI', 'DJ', 'ZM', 'CD', 'CG', 'IQ', 'LY', 'TJ', 'VE', 'ET', 'XK']",1,213062,False,{'isrc': 'USUYG1452901'},{'spotify': 'https://open.spotify.com/track/4vQn2xckwjtCkRhHSrVU30'},https://api.spotify.com/v1/tracks/4vQn2xckwjtCkRhHSrVU30,4vQn2xckwjtCkRhHSrVU30,,,,MAGICIAN,37,https://p.scdn.co/mp3-preview/f93d1d52ce302369b1a1be835362ba1b824c3404?cid=9d3d158cd29f446b877597f60e60f981,1,track,spotify:track:4vQn2xckwjtCkRhHSrVU30,False
